actual,predicted,predict_proba
A,A,1.0
A,A,0.9999201
A,S,1.0
A,A,1.0
A,A,1.0
A,A,1.0
A,A,1.0
A,A,1.0
A,A,1.0
A,A,1.0
A,A,1.0
A,A,1.0
A,E,1.0
A,S,1.0
A,A,1.0
A,A,1.0
A,A,1.0
A,T,0.9272424
A,A,1.0
A,A,1.0
A,A,1.0
A,A,1.0
A,A,1.0
A,A,1.0
A,A,1.0
A,A,1.0
A,A,1.0
A,A,1.0
A,A,1.0
A,T,1.0
A,A,1.0
A,A,1.0
A,A,1.0
A,A,1.0
A,A,1.0
A,E,1.0
A,A,1.0
A,A,1.0
A,A,1.0
A,A,1.0
A,A,1.0
A,E,1.0
A,A,1.0
A,A,1.0
A,A,1.0
A,A,1.0
A,A,1.0
A,S,1.0
A,E,1.0
A,A,1.0
A,A,1.0
A,M,0.9999924
A,A,1.0
A,E,1.0
A,A,1.0
A,A,1.0
A,A,1.0
A,A,1.0
A,A,1.0
A,A,1.0
A,A,1.0
A,A,1.0
A,A,1.0
A,A,1.0
A,A,1.0
A,A,1.0
A,A,1.0
A,A,1.0
A,A,1.0
A,A,1.0
A,A,1.0
A,A,1.0
A,A,1.0
A,A,1.0
A,A,1.0
A,A,1.0
A,A,1.0
A,A,1.0
A,A,0.99999964
A,A,1.0
A,E,1.0
A,A,1.0
A,A,1.0
A,A,1.0
A,A,1.0
A,A,1.0
A,A,1.0
A,M,1.0
A,M,1.0
A,A,1.0
A,A,1.0
A,A,1.0
A,A,1.0
A,A,1.0
A,A,1.0
A,A,1.0
A,A,1.0
A,A,1.0
A,A,1.0
A,A,1.0
A,A,1.0
A,A,1.0
A,E,1.0
A,A,1.0
A,A,0.9992636
A,A,1.0
A,A,1.0
A,A,1.0
A,A,1.0
A,A,1.0
A,A,0.99997413
A,A,1.0
A,A,1.0
A,A,1.0
A,A,0.95943433
A,A,1.0
A,A,1.0
A,A,1.0
A,E,1.0
A,A,1.0
A,N,1.0
A,A,1.0
A,A,1.0
A,A,1.0
A,A,1.0
A,A,1.0
A,A,1.0
A,A,1.0
A,A,1.0
A,A,1.0
A,A,1.0
A,A,1.0
A,A,1.0
A,A,1.0
A,A,1.0
A,A,1.0
A,A,1.0
A,A,1.0
A,A,1.0
A,A,1.0
A,A,1.0
A,M,1.0
A,A,1.0
A,S,1.0
A,A,1.0
A,M,1.0
A,A,1.0
A,A,1.0
A,M,0.99990463
A,A,1.0
A,A,1.0
A,A,1.0
A,A,1.0
A,A,1.0
A,E,1.0
A,T,1.0
A,A,1.0
A,A,1.0
A,S,1.0
A,A,1.0
A,S,1.0
A,A,1.0
A,A,1.0
A,A,1.0
A,A,1.0
A,A,1.0
A,A,1.0
A,A,1.0
A,E,1.0
A,A,1.0
A,A,1.0
A,A,1.0
A,A,1.0
A,A,1.0
A,A,0.99947673
A,A,1.0
A,A,1.0
A,A,1.0
A,A,1.0
A,A,1.0
A,A,1.0
A,E,1.0
A,A,1.0
A,A,1.0
A,A,1.0
A,A,1.0
A,S,1.0
A,A,1.0
A,A,1.0
A,A,1.0
A,A,1.0
A,A,1.0
A,A,1.0
A,E,1.0
A,A,1.0
A,A,1.0
A,A,1.0
A,A,1.0
A,A,1.0
A,A,1.0
A,A,1.0
A,A,1.0
A,A,1.0
A,A,1.0
A,E,1.0
A,E,1.0
A,A,1.0
A,A,1.0
A,A,1.0
A,A,1.0
A,A,1.0
A,A,1.0
A,M,1.0
A,M,0.9999994
A,A,1.0
A,A,1.0
A,A,1.0
A,E,0.9875616
A,A,1.0
A,A,1.0
A,A,1.0
A,E,1.0
A,M,1.0
A,A,1.0
A,N,0.9999993
A,A,1.0
A,A,1.0
A,S,0.9998925
A,A,1.0
A,A,1.0
A,A,1.0
A,A,1.0
A,A,1.0
A,A,1.0
A,A,1.0
A,A,1.0
A,A,1.0
A,A,1.0
A,S,1.0
A,A,1.0
A,A,0.99302214
A,A,1.0
A,S,1.0
A,A,1.0
A,A,1.0
A,A,1.0
A,A,1.0
A,S,1.0
A,A,1.0
A,A,1.0
A,A,1.0
A,A,1.0
A,A,1.0
A,A,1.0
A,A,1.0
A,A,1.0
A,M,1.0
A,A,1.0
A,A,1.0
A,A,1.0
A,A,1.0
A,A,1.0
A,A,1.0
A,A,1.0
A,A,1.0
A,A,1.0
A,A,1.0
A,A,1.0
A,E,1.0
A,A,1.0
A,A,1.0
A,A,1.0
A,A,1.0
A,A,1.0
A,A,1.0
A,A,1.0
A,A,1.0
A,A,1.0
A,A,1.0
A,E,1.0
A,A,1.0
A,A,1.0
A,A,1.0
A,A,1.0
A,A,1.0
A,A,1.0
A,M,1.0
A,A,1.0
A,E,1.0
A,A,1.0
A,A,1.0
A,A,1.0
A,A,1.0
A,A,1.0
A,S,1.0
A,A,1.0
A,A,1.0
A,A,1.0
A,A,1.0
A,A,1.0
A,S,1.0
A,E,0.9985997
A,A,0.99886286
A,A,1.0
A,M,0.89919615
A,S,1.0
A,A,1.0
A,A,1.0
A,A,1.0
A,A,1.0
A,A,0.99563783
A,A,1.0
A,A,1.0
A,A,1.0
A,A,1.0
A,E,1.0
A,A,1.0
A,A,1.0
A,A,1.0
A,A,1.0
A,A,1.0
A,A,1.0
A,A,0.9999838
A,A,0.99999976
A,A,1.0
A,A,1.0
A,M,0.9999995
A,A,1.0
A,A,1.0
A,S,1.0
A,A,1.0
A,A,1.0
A,A,1.0
A,M,1.0
A,A,1.0
A,A,1.0
A,A,1.0
A,E,1.0
A,A,1.0
A,A,1.0
A,A,1.0
A,A,1.0
A,A,1.0
A,A,1.0
A,A,1.0
A,A,1.0
A,A,1.0
A,A,1.0
A,S,0.99748695
A,S,1.0
A,A,1.0
A,T,1.0
A,A,1.0
A,A,1.0
A,A,1.0
A,A,1.0
A,A,1.0
A,A,1.0
A,A,1.0
A,A,1.0
A,M,1.0
A,E,1.0
A,A,1.0
A,A,1.0
A,A,1.0
A,A,1.0
A,A,1.0
A,A,1.0
A,A,1.0
A,M,1.0
A,A,1.0
A,A,1.0
A,A,1.0
A,A,1.0
A,A,1.0
A,A,1.0
A,A,1.0
A,A,1.0
A,A,1.0
A,A,1.0
A,A,1.0
A,A,1.0
A,A,1.0
A,S,1.0
A,A,1.0
A,A,1.0
A,A,1.0
A,A,1.0
A,A,1.0
A,A,1.0
A,A,1.0
A,A,1.0
A,E,1.0
A,A,1.0
A,A,1.0
A,A,1.0
A,A,1.0
A,A,1.0
A,A,1.0
A,M,0.5065037
B,D,0.8889253
B,B,1.0
B,B,1.0
B,V,1.0
B,B,1.0
B,B,1.0
B,B,1.0
B,B,1.0
B,N,0.9999999
B,D,1.0
B,R,1.0
B,E,1.0
B,B,0.88066566
B,E,1.0
B,E,1.0
B,F,1.0
B,B,1.0
B,B,1.0
B,B,0.9998766
B,B,0.9999999
B,B,1.0
B,N,1.0
B,B,1.0
B,R,1.0
B,B,1.0
B,R,1.0
B,B,1.0
B,B,1.0
B,R,1.0
B,B,1.0
B,B,1.0
B,B,1.0
B,B,1.0
B,F,1.0
B,E,1.0
B,D,1.0
B,C,1.0
B,C,1.0
B,E,1.0
B,N,1.0
B,B,1.0
B,D,1.0
B,U,0.99459654
B,B,1.0
B,D,1.0
B,B,1.0
B,B,1.0
B,F,1.0
B,B,1.0
B,B,1.0
B,W,1.0
B,D,0.9999323
B,E,1.0
B,B,1.0
B,B,1.0
B,C,1.0
B,D,1.0
B,B,1.0
B,B,1.0
B,B,1.0
B,V,1.0
B,B,1.0
B,T,0.99999964
B,B,1.0
B,W,0.99992716
B,B,1.0
B,B,1.0
B,F,1.0
B,B,1.0
B,M,0.99999917
B,D,1.0
B,B,1.0
B,B,1.0
B,D,0.8644157
B,B,1.0
B,E,1.0
B,F,1.0
B,B,1.0
B,E,1.0
B,C,1.0
B,B,1.0
B,M,0.99999964
B,F,1.0
B,B,1.0
B,B,1.0
B,D,1.0
B,E,1.0
B,B,1.0
B,B,1.0
B,R,1.0
B,V,1.0
B,C,0.99988115
B,B,1.0
B,M,1.0
B,R,1.0
B,R,1.0
B,B,1.0
B,N,1.0
B,B,1.0
B,N,0.98506445
B,B,1.0
B,B,1.0
B,R,1.0
B,E,1.0
B,F,0.8607902
B,F,1.0
B,C,1.0
B,B,1.0
B,T,1.0
B,E,1.0
B,B,1.0
B,B,0.99999964
B,B,0.86708504
B,N,1.0
B,B,1.0
B,B,1.0
B,B,1.0
B,B,1.0
B,B,1.0
B,B,1.0
B,B,1.0
B,B,1.0
B,B,1.0
B,B,1.0
B,B,1.0
B,B,1.0
B,B,1.0
B,F,1.0
B,B,1.0
B,B,1.0
B,B,1.0
B,C,0.99994683
B,B,0.999491
B,E,1.0
B,M,1.0
B,B,1.0
B,R,1.0
B,C,0.99809057
B,E,1.0
B,N,1.0
B,B,0.99890983
B,B,1.0
B,B,1.0
B,C,1.0
B,E,0.9999424
B,B,0.9817554
B,B,1.0
B,E,1.0
B,B,1.0
B,D,1.0
B,E,1.0
B,B,0.9999994
B,B,1.0
B,B,1.0
B,B,1.0
B,R,1.0
B,B,1.0
B,B,1.0
B,B,1.0
B,F,1.0
B,R,0.9999938
B,B,1.0
B,B,1.0
B,E,0.9956611
B,B,1.0
B,C,1.0
B,E,1.0
B,B,1.0
B,R,1.0
B,C,0.99995756
B,B,1.0
B,D,1.0
B,B,1.0
B,C,1.0
B,B,1.0
B,B,1.0
B,B,1.0
B,B,1.0
B,B,1.0
B,B,1.0
B,V,0.7229572
B,B,1.0
B,E,1.0
B,B,1.0
B,C,1.0
B,N,1.0
B,B,1.0
B,B,1.0
B,B,1.0
B,V,1.0
B,R,1.0
B,B,1.0
B,B,1.0
B,V,1.0
B,B,1.0
B,B,1.0
B,B,1.0
B,B,1.0
B,B,1.0
B,R,1.0
B,B,1.0
B,B,1.0
B,E,1.0
B,R,1.0
B,C,1.0
B,D,1.0
B,W,1.0
B,B,0.65091467
B,B,1.0
B,B,1.0
B,C,0.99440104
B,B,1.0
B,E,1.0
B,B,1.0
B,R,0.9858868
B,N,0.99506617
B,E,1.0
B,R,1.0
B,B,1.0
B,T,1.0
B,E,1.0
B,T,1.0
B,B,1.0
B,E,1.0
B,C,1.0
B,N,0.9999999
B,B,1.0
B,B,1.0
B,B,1.0
B,B,1.0
B,E,1.0
B,D,1.0
B,E,1.0
B,D,1.0
B,E,1.0
B,E,1.0
B,N,0.9921146
B,F,1.0
B,E,0.9991627
B,B,1.0
B,B,1.0
B,E,0.9999976
B,B,1.0
B,B,1.0
B,B,0.9998221
B,B,0.9999999
B,V,0.7614318
B,B,1.0
B,C,1.0
B,B,1.0
B,B,1.0
B,E,1.0
B,R,1.0
B,B,1.0
B,C,1.0
B,B,1.0
B,B,1.0
B,B,1.0
B,B,1.0
B,B,1.0
B,F,1.0
B,E,1.0
B,B,1.0
B,U,0.83250916
B,B,1.0
B,B,1.0
B,B,1.0
B,B,1.0
B,B,1.0
B,B,0.99388677
B,E,1.0
B,C,1.0
B,B,1.0
B,R,1.0
B,B,1.0
B,C,1.0
B,B,1.0
B,R,1.0
B,C,1.0
B,B,1.0
B,D,0.99999833
B,B,1.0
B,B,1.0
B,C,1.0
B,D,1.0
B,B,1.0
B,C,1.0
B,N,1.0
B,C,1.0
B,B,1.0
B,B,1.0
B,B,1.0
B,F,1.0
B,B,1.0
B,B,1.0
B,E,1.0
B,R,1.0
B,B,1.0
B,B,1.0
B,B,0.9990502
B,C,1.0
B,R,1.0
B,B,1.0
B,W,0.48042035
B,B,1.0
B,B,1.0
B,B,1.0
B,R,1.0
B,E,1.0
B,B,1.0
B,V,1.0
B,B,1.0
B,D,1.0
B,B,1.0
B,V,1.0
B,B,1.0
B,R,1.0
B,B,1.0
B,N,1.0
B,B,1.0
B,B,1.0
B,B,1.0
B,R,1.0
B,C,1.0
B,B,1.0
B,B,1.0
B,C,0.9994753
B,B,1.0
B,B,1.0
B,T,0.99999964
B,F,1.0
B,F,1.0
B,B,1.0
B,B,1.0
B,B,1.0
B,T,1.0
B,B,1.0
B,B,1.0
B,E,1.0
B,B,1.0
B,E,1.0
B,B,1.0
B,C,1.0
B,D,0.99999964
B,D,0.59647954
B,D,0.9999825
B,B,1.0
B,N,1.0
B,R,0.995652
B,E,1.0
B,B,1.0
B,B,1.0
B,T,0.9999994
B,B,1.0
B,F,0.9810983
B,B,1.0
B,C,1.0
B,B,1.0
B,C,1.0
B,B,1.0
B,B,1.0
B,B,1.0
B,B,1.0
B,B,1.0
B,F,0.9988668
B,B,0.9996555
B,C,1.0
B,C,1.0
B,B,1.0
B,F,1.0
B,D,1.0
B,B,1.0
B,B,1.0
B,E,1.0
B,B,1.0
B,B,1.0
B,B,1.0
B,E,1.0
B,F,1.0
B,N,0.9999429
B,B,1.0
B,F,1.0
B,C,0.9803269
B,C,1.0
B,B,1.0
B,B,1.0
B,B,1.0
B,E,1.0
B,B,1.0
B,V,1.0
B,E,0.9999013
B,E,1.0
B,B,1.0
B,B,1.0
B,B,1.0
B,B,1.0
B,C,1.0
B,B,1.0
B,B,1.0
B,B,1.0
C,C,1.0
C,C,1.0
C,C,1.0
C,N,1.0
C,E,1.0
C,C,1.0
C,C,1.0
C,C,1.0
C,C,1.0
C,C,1.0
C,E,1.0
C,C,0.9998878
C,C,1.0
C,C,1.0
C,C,1.0
C,C,1.0
C,C,1.0
C,C,1.0
C,C,0.9999999
C,N,1.0
C,E,1.0
C,C,1.0
C,C,0.9916294
C,N,1.0
C,E,1.0
C,C,1.0
C,E,1.0
C,C,1.0
C,C,1.0
C,C,1.0
C,C,1.0
C,C,1.0
C,Q,0.9999484
C,C,1.0
C,C,1.0
C,C,1.0
C,C,1.0
C,E,1.0
C,E,1.0
C,C,1.0
C,C,1.0
C,C,1.0
C,E,1.0
C,C,1.0
C,C,1.0
C,C,1.0
C,S,1.0
C,E,1.0
C,C,1.0
C,E,1.0
C,C,1.0
C,C,1.0
C,E,1.0
C,C,1.0
C,C,1.0
C,C,1.0
C,E,1.0
C,C,1.0
C,E,1.0
C,C,1.0
C,C,1.0
C,C,1.0
C,C,1.0
C,C,1.0
C,C,1.0
C,C,1.0
C,E,1.0
C,E,1.0
C,C,1.0
C,C,1.0
C,C,1.0
C,C,1.0
C,C,1.0
C,N,1.0
C,C,1.0
C,C,1.0
C,C,1.0
C,E,1.0
C,C,1.0
C,C,1.0
C,C,1.0
C,E,1.0
C,C,1.0
C,E,1.0
C,C,1.0
C,C,1.0
C,C,1.0
C,C,1.0
C,C,0.8093301
C,N,1.0
C,E,1.0
C,C,1.0
C,C,0.99995553
C,S,1.0
C,C,1.0
C,C,1.0
C,E,1.0
C,C,1.0
C,E,1.0
C,C,1.0
C,E,1.0
C,C,1.0
C,C,1.0
C,N,1.0
C,C,1.0
C,C,1.0
C,C,1.0
C,C,1.0
C,C,1.0
C,O,1.0
C,C,1.0
C,C,1.0
C,E,1.0
C,E,1.0
C,C,1.0
C,E,1.0
C,C,1.0
C,C,1.0
C,C,1.0
C,E,1.0
C,C,1.0
C,N,1.0
C,C,1.0
C,C,1.0
C,C,1.0
C,C,1.0
C,C,1.0
C,E,1.0
C,C,1.0
C,C,1.0
C,C,1.0
C,C,1.0
C,E,1.0
C,C,1.0
C,E,1.0
C,C,1.0
C,C,1.0
C,C,1.0
C,C,1.0
C,C,1.0
C,C,0.99999595
C,E,1.0
C,C,1.0
C,C,1.0
C,E,1.0
C,C,0.9999958
C,E,1.0
C,C,1.0
C,C,1.0
C,C,1.0
C,E,1.0
C,C,1.0
C,E,1.0
C,C,1.0
C,C,1.0
C,C,1.0
C,C,1.0
C,N,0.5904324
C,C,1.0
C,C,1.0
C,E,1.0
C,N,1.0
C,C,1.0
C,N,1.0
C,N,0.8041695
C,C,1.0
C,C,1.0
C,E,1.0
C,C,1.0
C,E,1.0
C,C,1.0
C,C,1.0
C,C,1.0
C,E,1.0
C,C,1.0
C,N,1.0
C,C,1.0
C,E,1.0
C,E,1.0
C,E,1.0
C,C,1.0
C,E,1.0
C,C,1.0
C,E,1.0
C,E,1.0
C,C,1.0
C,E,1.0
C,C,1.0
C,N,1.0
C,C,1.0
C,E,1.0
C,C,1.0
C,C,1.0
C,C,1.0
C,C,1.0
C,E,1.0
C,C,1.0
C,N,1.0
C,N,1.0
C,C,1.0
C,C,1.0
C,C,1.0
C,E,1.0
C,C,1.0
C,C,1.0
C,C,1.0
C,C,1.0
C,C,1.0
C,C,1.0
C,C,0.9999999
C,C,1.0
C,E,1.0
C,C,1.0
C,C,1.0
C,N,1.0
C,C,1.0
C,C,1.0
C,C,1.0
C,C,1.0
C,C,1.0
C,M,1.0
C,C,1.0
C,C,1.0
C,C,1.0
C,C,1.0
C,E,1.0
C,E,1.0
C,C,1.0
C,C,1.0
C,C,1.0
C,C,1.0
C,C,1.0
C,C,1.0
C,C,1.0
C,C,1.0
C,C,1.0
C,C,0.99999714
C,N,1.0
C,C,1.0
C,C,1.0
C,C,1.0
C,N,1.0
C,C,1.0
C,C,1.0
C,N,1.0
C,E,1.0
C,E,1.0
C,C,1.0
C,N,1.0
C,E,1.0
C,E,1.0
C,E,0.99994767
C,E,1.0
C,C,1.0
C,E,0.99943644
C,E,1.0
C,C,1.0
C,E,1.0
C,C,1.0
C,C,1.0
C,C,1.0
C,C,1.0
C,C,0.9999882
C,C,0.64892536
C,C,1.0
C,E,1.0
C,C,1.0
C,C,1.0
C,C,1.0
C,C,1.0
C,C,1.0
C,C,1.0
C,C,1.0
C,C,1.0
C,C,1.0
C,E,0.99876165
C,N,1.0
C,C,1.0
C,E,1.0
C,C,1.0
C,C,1.0
C,C,1.0
C,N,1.0
C,N,1.0
C,C,1.0
C,C,1.0
C,M,1.0
C,C,1.0
C,C,1.0
C,C,1.0
C,C,1.0
C,C,1.0
C,E,0.9999021
C,C,1.0
C,E,1.0
C,E,1.0
C,C,1.0
C,C,1.0
C,N,1.0
C,C,1.0
C,C,1.0
C,N,1.0
C,C,1.0
C,C,1.0
C,C,1.0
C,C,1.0
C,E,1.0
C,C,1.0
C,C,1.0
C,E,0.9220645
C,C,1.0
C,C,1.0
C,E,1.0
C,C,1.0
C,C,1.0
C,C,1.0
C,C,1.0
C,C,1.0
C,C,1.0
C,N,1.0
C,C,1.0
C,C,1.0
C,M,0.9817239
C,C,1.0
C,C,1.0
C,C,1.0
C,C,1.0
C,E,1.0
C,C,1.0
C,C,1.0
C,N,1.0
C,C,1.0
C,C,1.0
C,C,1.0
C,C,1.0
C,C,1.0
C,C,1.0
C,S,1.0
C,C,1.0
C,C,1.0
C,C,1.0
C,E,1.0
C,C,1.0
C,C,1.0
C,S,1.0
C,E,1.0
C,E,1.0
C,C,1.0
C,C,1.0
C,C,1.0
C,E,0.9999999
C,C,1.0
C,E,1.0
C,C,1.0
C,C,1.0
C,C,1.0
C,C,1.0
C,C,1.0
C,N,1.0
C,C,1.0
C,C,1.0
C,E,1.0
C,C,1.0
C,C,1.0
C,C,1.0
C,C,1.0
C,C,1.0
C,C,1.0
C,E,1.0
C,C,1.0
C,N,1.0
C,C,1.0
C,C,1.0
C,C,1.0
C,C,1.0
C,C,1.0
C,C,1.0
C,C,1.0
C,C,1.0
C,E,1.0
C,E,1.0
C,C,1.0
C,C,1.0
C,C,1.0
C,E,1.0
C,C,0.91083086
C,C,1.0
C,C,1.0
C,C,1.0
C,C,1.0
C,N,1.0
C,E,1.0
C,C,1.0
C,C,1.0
C,O,1.0
C,C,1.0
C,E,1.0
C,E,1.0
C,C,1.0
C,E,0.7175936
D,D,1.0
D,D,1.0
D,D,1.0
D,D,1.0
D,D,1.0
D,R,0.9996538
D,K,1.0
D,R,1.0
D,D,1.0
D,D,1.0
D,D,1.0
D,N,1.0
D,D,1.0
D,D,1.0
D,D,1.0
D,K,0.99744093
D,D,1.0
D,D,1.0
D,D,1.0
D,D,1.0
D,N,1.0
D,R,1.0
D,D,1.0
D,D,1.0
D,K,1.0
D,D,1.0
D,D,1.0
D,D,1.0
D,D,1.0
D,R,0.99999976
D,D,1.0
D,D,1.0
D,D,1.0
D,D,1.0
D,D,0.9998504
D,D,1.0
D,D,1.0
D,D,1.0
D,D,1.0
D,D,1.0
D,D,1.0
D,R,1.0
D,D,1.0
D,D,1.0
D,D,1.0
D,R,1.0
D,D,1.0
D,R,0.9903728
D,D,1.0
D,D,1.0
D,R,1.0
D,D,1.0
D,D,1.0
D,K,1.0
D,D,1.0
D,D,1.0
D,D,1.0
D,D,1.0
D,R,1.0
D,D,1.0
D,D,1.0
D,R,1.0
D,D,1.0
D,R,0.9999999
D,D,1.0
D,R,1.0
D,D,1.0
D,D,1.0
D,K,1.0
D,D,1.0
D,M,1.0
D,R,1.0
D,D,1.0
D,K,0.84202033
D,D,1.0
D,D,1.0
D,D,1.0
D,K,1.0
D,D,1.0
D,R,1.0
D,D,0.9492843
D,D,1.0
D,D,1.0
D,D,1.0
D,D,1.0
D,D,1.0
D,D,1.0
D,R,1.0
D,D,1.0
D,D,1.0
D,R,1.0
D,R,1.0
D,D,1.0
D,D,1.0
D,R,1.0
D,R,0.98203075
D,D,1.0
D,N,1.0
D,D,1.0
D,D,1.0
D,D,1.0
D,D,1.0
D,D,1.0
D,D,1.0
D,D,1.0
D,D,1.0
D,D,1.0
D,D,1.0
D,D,1.0
D,K,1.0
D,K,0.999966
D,D,1.0
D,D,1.0
D,D,1.0
D,D,1.0
D,D,1.0
D,D,1.0
D,D,1.0
D,D,1.0
D,D,1.0
D,D,1.0
D,D,1.0
D,U,0.99848783
D,D,1.0
D,D,1.0
D,D,1.0
D,D,1.0
D,K,0.99999964
D,D,1.0
D,D,1.0
D,D,1.0
D,R,1.0
D,D,1.0
D,D,1.0
D,R,1.0
D,D,1.0
D,D,1.0
D,D,1.0
D,D,1.0
D,D,1.0
D,R,1.0
D,D,1.0
D,D,1.0
D,R,1.0
D,D,1.0
D,D,1.0
D,D,1.0
D,D,1.0
D,D,1.0
D,V,0.99999845
D,D,1.0
D,R,1.0
D,D,1.0
D,R,1.0
D,D,1.0
D,D,1.0
D,V,1.0
D,K,0.72901064
D,D,1.0
D,K,1.0
D,D,1.0
D,D,1.0
D,K,1.0
D,D,1.0
D,D,0.9995383
D,D,1.0
D,D,0.8308559
D,D,1.0
D,D,1.0
D,D,1.0
D,D,1.0
D,D,1.0
D,D,1.0
D,R,1.0
D,K,1.0
D,D,1.0
D,D,1.0
D,D,1.0
D,K,1.0
D,D,1.0
D,D,1.0
D,R,0.9217767
D,N,1.0
D,D,1.0
D,R,1.0
D,D,1.0
D,D,1.0
D,D,1.0
D,D,1.0
D,M,1.0
D,D,1.0
D,D,1.0
D,D,1.0
D,R,1.0
D,D,1.0
D,D,1.0
D,R,1.0
D,D,1.0
D,D,1.0
D,D,1.0
D,D,1.0
D,D,1.0
D,D,1.0
D,K,1.0
D,K,1.0
D,D,1.0
D,K,0.76937276
D,D,1.0
D,R,1.0
D,D,1.0
D,D,1.0
D,D,1.0
D,D,1.0
D,D,1.0
D,R,0.9984119
D,D,1.0
D,D,1.0
D,D,1.0
D,D,1.0
D,D,1.0
D,K,1.0
D,D,1.0
D,K,0.9999994
D,D,1.0
D,D,1.0
D,R,1.0
D,D,1.0
D,D,1.0
D,D,1.0
D,D,1.0
D,D,1.0
D,D,1.0
D,D,1.0
D,D,1.0
D,D,1.0
D,D,1.0
D,D,1.0
D,D,0.9397019
D,D,1.0
D,D,1.0
D,D,1.0
D,N,1.0
D,K,1.0
D,D,1.0
D,D,1.0
D,K,1.0
D,D,1.0
D,K,1.0
D,D,1.0
D,R,1.0
D,D,1.0
D,D,1.0
D,R,1.0
D,R,1.0
D,D,1.0
D,D,1.0
D,D,1.0
D,D,1.0
D,D,1.0
D,R,1.0
D,D,1.0
D,D,1.0
D,D,1.0
D,R,1.0
D,T,1.0
D,D,1.0
D,D,1.0
D,D,1.0
D,D,1.0
D,D,1.0
D,N,1.0
D,R,1.0
D,R,0.72820807
D,D,1.0
D,D,1.0
D,R,0.99999833
D,K,0.9999976
D,D,1.0
D,D,1.0
D,D,1.0
D,R,1.0
D,M,1.0
D,K,1.0
D,D,0.9999839
D,D,0.9904359
D,D,1.0
D,D,1.0
D,D,1.0
D,D,1.0
D,D,1.0
D,R,1.0
D,D,1.0
D,R,1.0
D,K,1.0
D,D,1.0
D,D,1.0
D,D,1.0
D,R,1.0
D,K,1.0
D,R,1.0
D,D,1.0
D,D,1.0
D,D,1.0
D,D,1.0
D,R,1.0
D,N,0.93107575
D,D,1.0
D,D,1.0
D,M,1.0
D,D,1.0
D,R,1.0
D,K,1.0
D,D,1.0
D,D,1.0
D,R,1.0
D,K,0.9999976
D,D,1.0
D,D,1.0
D,D,1.0
D,D,1.0
D,D,1.0
D,D,1.0
D,K,1.0
D,D,1.0
D,R,1.0
D,K,0.99999666
D,D,1.0
D,D,1.0
D,D,1.0
D,D,1.0
D,D,1.0
D,D,1.0
D,R,1.0
D,D,1.0
D,D,1.0
D,D,1.0
D,D,1.0
D,K,1.0
D,D,1.0
D,D,1.0
D,D,1.0
D,D,1.0
D,D,1.0
D,D,1.0
D,D,0.8031617
D,D,1.0
D,D,1.0
D,R,1.0
D,D,1.0
D,R,1.0
D,D,1.0
D,R,1.0
D,D,1.0
D,D,1.0
D,K,0.99987924
D,K,0.99985325
D,D,1.0
D,N,0.99999905
D,D,1.0
D,D,1.0
D,R,1.0
D,D,1.0
D,R,1.0
D,D,1.0
D,D,1.0
D,D,1.0
D,R,1.0
D,D,1.0
D,D,1.0
D,D,1.0
D,D,1.0
D,R,1.0
D,D,1.0
D,R,1.0
D,D,1.0
D,D,0.98396605
D,R,1.0
D,D,1.0
D,D,1.0
D,K,0.95574194
D,D,1.0
D,D,1.0
D,D,1.0
D,D,1.0
D,D,1.0
D,D,1.0
D,K,0.9999701
D,N,1.0
D,D,1.0
D,D,1.0
D,D,1.0
D,D,1.0
D,D,1.0
D,R,1.0
D,D,1.0
D,D,1.0
D,N,1.0
D,D,1.0
D,D,1.0
D,K,1.0
E,E,1.0
E,E,1.0
E,E,1.0
E,E,1.0
E,E,1.0
E,E,1.0
E,E,1.0
E,E,1.0
E,E,1.0
E,E,1.0
E,E,1.0
E,E,1.0
E,E,1.0
E,E,1.0
E,E,1.0
E,E,1.0
E,E,1.0
E,E,1.0
E,E,1.0
E,E,1.0
E,E,1.0
E,E,1.0
E,E,1.0
E,E,1.0
E,E,1.0
E,E,1.0
E,E,1.0
E,E,1.0
E,E,1.0
E,E,1.0
E,E,1.0
E,E,1.0
E,M,1.0
E,E,1.0
E,E,1.0
E,E,1.0
E,E,1.0
E,E,1.0
E,E,1.0
E,E,1.0
E,E,1.0
E,E,1.0
E,E,1.0
E,M,1.0
E,E,1.0
E,E,1.0
E,E,1.0
E,E,1.0
E,E,1.0
E,E,1.0
E,E,1.0
E,E,1.0
E,E,1.0
E,E,1.0
E,D,0.99961424
E,E,1.0
E,E,1.0
E,E,1.0
E,E,1.0
E,E,1.0
E,E,1.0
E,E,1.0
E,E,1.0
E,E,1.0
E,E,1.0
E,E,1.0
E,E,1.0
E,E,1.0
E,E,1.0
E,E,1.0
E,E,1.0
E,E,1.0
E,E,1.0
E,E,1.0
E,E,1.0
E,E,1.0
E,E,1.0
E,E,1.0
E,E,1.0
E,E,1.0
E,E,1.0
E,E,1.0
E,E,1.0
E,E,1.0
E,E,1.0
E,E,1.0
E,E,1.0
E,E,1.0
E,E,1.0
E,E,1.0
E,E,1.0
E,E,1.0
E,E,1.0
E,E,1.0
E,E,1.0
E,E,1.0
E,E,1.0
E,E,1.0
E,E,1.0
E,E,1.0
E,E,1.0
E,E,1.0
E,E,1.0
E,C,1.0
E,E,1.0
E,E,1.0
E,E,1.0
E,E,1.0
E,E,1.0
E,E,1.0
E,E,1.0
E,E,1.0
E,E,1.0
E,M,0.99992156
E,E,1.0
E,E,1.0
E,E,1.0
E,E,1.0
E,E,1.0
E,M,0.99999857
E,E,1.0
E,M,1.0
E,E,1.0
E,E,1.0
E,E,1.0
E,E,1.0
E,E,1.0
E,E,1.0
E,E,1.0
E,E,1.0
E,E,1.0
E,N,1.0
E,E,1.0
E,E,1.0
E,E,1.0
E,E,1.0
E,E,1.0
E,E,1.0
E,E,1.0
E,E,1.0
E,E,1.0
E,E,1.0
E,E,1.0
E,E,1.0
E,E,1.0
E,E,1.0
E,E,1.0
E,E,1.0
E,E,1.0
E,E,1.0
E,E,1.0
E,E,1.0
E,E,1.0
E,E,1.0
E,E,1.0
E,E,1.0
E,E,1.0
E,E,1.0
E,E,1.0
E,E,1.0
E,E,1.0
E,E,1.0
E,E,1.0
E,E,1.0
E,E,1.0
E,E,1.0
E,E,1.0
E,E,1.0
E,E,1.0
E,E,1.0
E,E,1.0
E,E,1.0
E,E,1.0
E,E,1.0
E,E,1.0
E,E,1.0
E,E,1.0
E,E,1.0
E,E,1.0
E,E,1.0
E,E,1.0
E,E,1.0
E,E,1.0
E,E,1.0
E,E,1.0
E,E,1.0
E,E,1.0
E,E,1.0
E,E,1.0
E,E,1.0
E,E,1.0
E,E,1.0
E,E,0.9688395
E,E,1.0
E,E,0.99999976
E,E,1.0
E,M,1.0
E,E,1.0
E,E,1.0
E,E,1.0
E,E,1.0
E,E,1.0
E,M,1.0
E,E,1.0
E,M,1.0
E,E,1.0
E,E,1.0
E,E,1.0
E,E,1.0
E,E,1.0
E,E,1.0
E,E,1.0
E,E,1.0
E,E,1.0
E,E,1.0
E,E,1.0
E,E,1.0
E,E,1.0
E,E,1.0
E,E,1.0
E,E,1.0
E,E,1.0
E,E,1.0
E,E,1.0
E,E,1.0
E,E,1.0
E,E,0.9775984
E,E,1.0
E,E,1.0
E,E,1.0
E,E,1.0
E,E,1.0
E,E,1.0
E,E,1.0
E,E,1.0
E,E,1.0
E,E,1.0
E,E,1.0
E,E,1.0
E,E,1.0
E,E,1.0
E,N,1.0
E,E,1.0
E,E,1.0
E,E,1.0
E,E,1.0
E,E,1.0
E,E,1.0
E,E,1.0
E,E,1.0
E,E,1.0
E,E,1.0
E,E,1.0
E,E,1.0
E,E,1.0
E,E,1.0
E,E,1.0
E,E,1.0
E,E,1.0
E,E,1.0
E,E,1.0
E,E,1.0
E,E,1.0
E,E,1.0
E,E,1.0
E,E,1.0
E,E,1.0
E,E,1.0
E,M,1.0
E,E,1.0
E,E,1.0
E,E,1.0
E,E,1.0
E,E,1.0
E,E,1.0
E,E,1.0
E,E,1.0
E,M,0.9990013
E,E,1.0
E,E,1.0
E,M,1.0
E,E,1.0
E,E,1.0
E,E,1.0
E,E,1.0
E,E,1.0
E,E,1.0
E,E,1.0
E,E,1.0
E,E,1.0
E,E,1.0
E,E,1.0
E,M,0.99999964
E,E,1.0
E,E,1.0
E,E,1.0
E,E,1.0
E,E,1.0
E,E,1.0
E,E,1.0
E,E,1.0
E,E,1.0
E,E,1.0
E,E,1.0
E,E,1.0
E,E,1.0
E,N,1.0
E,E,1.0
E,E,1.0
E,E,1.0
E,E,1.0
E,E,1.0
E,E,1.0
E,E,1.0
E,E,1.0
E,E,1.0
E,E,0.99999845
E,E,1.0
E,E,1.0
E,E,1.0
E,E,1.0
E,E,1.0
E,E,1.0
E,E,1.0
E,E,1.0
E,E,1.0
E,E,1.0
E,E,1.0
E,E,1.0
E,E,1.0
E,E,1.0
E,E,1.0
E,E,1.0
E,E,1.0
E,E,1.0
E,E,1.0
E,E,1.0
E,E,1.0
E,E,1.0
E,E,1.0
E,E,1.0
E,E,1.0
E,E,1.0
E,E,1.0
E,E,1.0
E,E,1.0
E,E,1.0
E,E,1.0
E,E,1.0
E,M,1.0
E,E,1.0
E,E,1.0
E,E,1.0
E,E,1.0
E,E,1.0
E,E,1.0
E,M,1.0
E,E,1.0
E,E,1.0
E,E,1.0
E,E,1.0
E,E,1.0
E,E,1.0
E,E,1.0
E,E,1.0
E,E,1.0
E,E,1.0
E,E,1.0
E,E,1.0
E,E,1.0
E,E,1.0
E,E,1.0
E,E,1.0
E,M,1.0
E,E,1.0
E,E,1.0
E,E,1.0
E,E,1.0
E,E,1.0
E,E,1.0
E,E,1.0
E,E,1.0
E,M,1.0
E,E,1.0
E,M,1.0
E,E,1.0
E,E,1.0
E,E,1.0
E,E,1.0
E,E,1.0
E,E,1.0
E,E,1.0
E,E,0.99999964
E,E,1.0
E,E,1.0
E,E,1.0
E,E,1.0
E,E,1.0
E,E,1.0
E,E,1.0
F,W,1.0
F,F,1.0
F,W,1.0
F,W,1.0
F,F,1.0
F,F,1.0
F,F,1.0
F,W,1.0
F,P,0.9993544
F,F,1.0
F,W,1.0
F,E,1.0
F,W,1.0
F,F,1.0
F,F,1.0
F,F,0.9999529
F,F,1.0
F,F,1.0
F,V,1.0
F,F,1.0
F,F,1.0
F,F,1.0
F,F,1.0
F,F,1.0
F,F,1.0
F,F,1.0
F,W,1.0
F,W,1.0
F,F,1.0
F,F,1.0
F,F,1.0
F,F,1.0
F,F,1.0
F,D,0.9999913
F,R,1.0
F,F,1.0
F,F,1.0
F,F,1.0
F,F,1.0
F,S,0.9999994
F,F,1.0
F,W,1.0
F,A,0.7693211
F,S,0.99999976
F,F,1.0
F,W,1.0
F,W,1.0
F,R,1.0
F,M,0.9908825
F,F,1.0
F,W,1.0
F,N,1.0
F,F,1.0
F,E,1.0
F,F,1.0
F,F,1.0
F,E,1.0
F,F,1.0
F,F,1.0
F,E,1.0
F,F,1.0
F,F,1.0
F,F,1.0
F,N,1.0
F,T,1.0
F,F,1.0
F,F,0.92753273
F,W,1.0
F,F,1.0
F,F,1.0
F,F,1.0
F,M,1.0
F,W,1.0
F,F,1.0
F,W,1.0
F,F,1.0
F,F,1.0
F,F,1.0
F,E,1.0
F,F,1.0
F,D,1.0
F,W,1.0
F,F,1.0
F,F,1.0
F,F,1.0
F,F,1.0
F,W,1.0
F,F,0.99996805
F,M,0.99996424
F,F,1.0
F,F,1.0
F,W,1.0
F,F,1.0
F,W,1.0
F,F,1.0
F,W,1.0
F,F,1.0
F,W,1.0
F,W,1.0
F,W,1.0
F,F,1.0
F,D,1.0
F,F,1.0
F,F,1.0
F,E,1.0
F,W,1.0
F,W,1.0
F,W,1.0
F,W,1.0
F,W,0.87527186
F,W,1.0
F,W,1.0
F,W,1.0
F,F,1.0
F,F,1.0
F,E,1.0
F,W,1.0
F,F,1.0
F,F,1.0
F,F,1.0
F,F,1.0
F,Z,1.0
F,F,1.0
F,K,1.0
F,B,1.0
F,W,1.0
F,Z,1.0
F,F,1.0
F,W,1.0
F,E,1.0
F,W,1.0
F,F,1.0
F,W,1.0
F,T,1.0
F,F,1.0
F,W,1.0
F,F,1.0
F,F,1.0
F,F,1.0
F,W,1.0
F,E,1.0
F,F,1.0
F,F,0.99999964
F,F,0.9999995
F,F,0.99999976
F,F,1.0
F,W,1.0
F,F,1.0
F,E,1.0
F,F,1.0
F,F,1.0
F,D,1.0
F,F,1.0
F,Z,0.9999964
F,Z,0.99980813
F,W,1.0
F,W,1.0
F,W,1.0
F,F,1.0
F,F,1.0
F,W,1.0
F,F,1.0
F,F,1.0
F,F,1.0
F,F,1.0
F,F,1.0
F,F,1.0
F,V,0.9999963
F,E,1.0
F,F,1.0
F,F,1.0
F,F,1.0
F,W,1.0
F,F,1.0
F,F,1.0
F,W,1.0
F,Z,1.0
F,F,1.0
F,F,1.0
F,W,1.0
F,F,1.0
F,W,1.0
F,F,1.0
F,W,1.0
F,W,0.9999956
F,F,1.0
F,D,1.0
F,F,1.0
F,F,1.0
F,W,1.0
F,F,1.0
F,Z,1.0
F,F,1.0
F,N,1.0
F,N,1.0
F,V,1.0
F,W,1.0
F,F,1.0
F,W,1.0
F,F,1.0
F,F,1.0
F,F,1.0
F,F,1.0
F,F,1.0
F,F,1.0
F,E,1.0
F,F,1.0
F,W,1.0
F,F,1.0
F,F,1.0
F,F,1.0
F,D,1.0
F,F,1.0
F,F,1.0
F,F,1.0
F,W,1.0
F,F,1.0
F,F,1.0
F,E,0.99415094
F,F,1.0
F,F,1.0
F,F,1.0
F,W,0.9176798
F,W,1.0
F,F,1.0
F,F,1.0
F,E,1.0
F,E,1.0
F,F,1.0
F,D,1.0
F,W,1.0
F,E,1.0
F,F,1.0
F,W,1.0
F,F,1.0
F,V,0.9999995
F,W,1.0
F,W,1.0
F,W,1.0
F,V,0.99992085
F,F,1.0
F,F,1.0
F,Z,1.0
F,F,1.0
F,W,1.0
F,F,1.0
F,F,1.0
F,V,1.0
F,W,1.0
F,F,1.0
F,W,1.0
F,T,1.0
F,W,1.0
F,F,1.0
F,W,0.9998934
F,W,0.99998057
F,F,1.0
F,W,1.0
F,F,1.0
F,W,0.9998091
F,D,1.0
F,W,1.0
F,F,1.0
F,F,1.0
F,F,1.0
F,F,1.0
F,F,1.0
F,F,1.0
F,D,1.0
F,F,1.0
F,D,0.99955636
F,D,1.0
F,E,1.0
F,F,1.0
F,F,1.0
F,F,1.0
F,F,1.0
F,E,1.0
F,F,1.0
F,B,1.0
F,W,1.0
F,F,1.0
F,F,1.0
F,W,1.0
F,F,1.0
F,F,1.0
F,F,1.0
F,F,1.0
F,D,1.0
F,F,1.0
F,F,1.0
F,W,0.99311334
F,W,1.0
F,W,1.0
F,F,1.0
F,M,1.0
F,F,0.5915647
F,W,1.0
F,R,1.0
F,E,1.0
F,E,0.99996567
F,V,0.99999523
F,W,1.0
F,W,1.0
F,F,1.0
F,W,1.0
F,W,1.0
F,F,1.0
F,W,1.0
F,F,1.0
F,F,1.0
F,W,1.0
F,W,1.0
F,F,1.0
F,F,1.0
F,W,1.0
F,F,1.0
F,W,1.0
F,W,1.0
F,W,1.0
F,F,1.0
F,F,1.0
F,F,1.0
F,V,1.0
F,F,1.0
F,E,1.0
F,F,0.99897134
F,W,1.0
F,F,1.0
F,W,1.0
F,E,1.0
F,F,1.0
F,W,1.0
F,E,1.0
F,F,1.0
F,F,1.0
F,B,1.0
F,F,0.9691572
F,W,1.0
F,F,1.0
F,W,1.0
F,F,0.99999785
F,F,1.0
F,F,1.0
F,F,1.0
F,W,1.0
F,W,1.0
F,F,1.0
F,W,0.9906989
F,E,1.0
F,F,1.0
F,W,1.0
F,E,1.0
F,F,1.0
F,F,1.0
F,E,1.0
F,F,1.0
F,W,1.0
F,F,1.0
F,W,1.0
F,E,1.0
F,F,1.0
F,F,1.0
F,F,1.0
F,W,1.0
F,Z,1.0
F,F,1.0
F,F,1.0
F,F,1.0
F,W,1.0
F,F,1.0
F,W,1.0
F,V,0.4747983
F,F,1.0
F,W,1.0
F,W,1.0
F,E,1.0
F,F,1.0
F,F,1.0
F,W,0.7604506
F,F,1.0
F,W,1.0
F,E,1.0
F,W,1.0
F,F,1.0
F,F,1.0
F,W,0.83836055
F,W,1.0
F,W,1.0
F,F,1.0
F,F,1.0
F,F,1.0
F,F,1.0
F,V,0.9984841
F,W,0.8807714
F,F,1.0
F,F,1.0
F,F,1.0
F,W,1.0
F,W,1.0
G,G,1.0
G,G,1.0
G,G,1.0
G,G,1.0
G,O,0.9999968
G,G,1.0
G,G,1.0
G,G,1.0
G,G,1.0
G,G,1.0
G,X,1.0
G,G,1.0
G,G,1.0
G,G,1.0
G,N,1.0
G,G,1.0
G,G,1.0
G,G,1.0
G,G,1.0
G,G,1.0
G,G,1.0
G,G,1.0
G,G,1.0
G,G,1.0
G,G,1.0
G,G,1.0
G,G,1.0
G,G,1.0
G,G,1.0
G,G,1.0
G,G,1.0
G,G,1.0
G,G,1.0
G,G,1.0
G,G,1.0
G,S,1.0
G,G,1.0
G,G,1.0
G,G,1.0
G,M,1.0
G,G,1.0
G,G,1.0
G,L,1.0
G,G,1.0
G,G,1.0
G,G,1.0
G,G,1.0
G,G,1.0
G,G,1.0
G,G,1.0
G,G,1.0
G,G,1.0
G,G,1.0
G,G,1.0
G,G,1.0
G,G,1.0
G,G,1.0
G,G,1.0
G,G,1.0
G,G,1.0
G,G,1.0
G,P,1.0
G,G,1.0
G,G,1.0
G,G,1.0
G,G,1.0
G,G,1.0
G,G,1.0
G,G,1.0
G,G,1.0
G,G,1.0
G,G,0.99988866
G,G,1.0
G,G,1.0
G,G,1.0
G,G,1.0
G,G,1.0
G,G,1.0
G,G,0.9999987
G,G,1.0
G,G,1.0
G,G,1.0
G,G,1.0
G,G,1.0
G,G,1.0
G,S,0.9106076
G,G,1.0
G,S,1.0
G,P,1.0
G,G,1.0
G,G,1.0
G,G,1.0
G,X,1.0
G,G,1.0
G,G,1.0
G,G,1.0
G,G,1.0
G,G,1.0
G,G,1.0
G,G,1.0
G,G,1.0
G,G,1.0
G,P,1.0
G,G,1.0
G,A,1.0
G,G,1.0
G,G,1.0
G,T,1.0
G,G,1.0
G,G,1.0
G,G,1.0
G,G,1.0
G,G,1.0
G,G,1.0
G,G,1.0
G,G,1.0
G,G,1.0
G,G,1.0
G,G,1.0
G,G,1.0
G,G,1.0
G,G,1.0
G,G,1.0
G,M,1.0
G,G,1.0
G,G,1.0
G,G,1.0
G,G,1.0
G,G,1.0
G,G,1.0
G,G,1.0
G,G,1.0
G,G,1.0
G,P,0.9702425
G,G,1.0
G,G,1.0
G,G,1.0
G,G,1.0
G,G,1.0
G,H,0.9999858
G,G,1.0
G,P,1.0
G,G,1.0
G,G,1.0
G,G,1.0
G,G,1.0
G,G,0.99996376
G,G,1.0
G,G,1.0
G,G,1.0
G,G,1.0
G,G,1.0
G,G,1.0
G,G,0.8752782
G,G,1.0
G,G,1.0
G,G,1.0
G,G,1.0
G,G,1.0
G,G,1.0
G,G,1.0
G,G,1.0
G,L,0.8900003
G,G,1.0
G,G,1.0
G,G,1.0
G,G,1.0
G,G,1.0
G,G,1.0
G,G,1.0
G,G,1.0
G,G,1.0
G,G,1.0
G,G,1.0
G,X,1.0
G,G,1.0
G,G,1.0
G,G,1.0
G,G,1.0
G,G,1.0
G,G,1.0
G,G,1.0
G,G,1.0
G,G,1.0
G,G,1.0
G,G,1.0
G,G,1.0
G,G,1.0
G,G,1.0
G,G,1.0
G,G,1.0
G,G,1.0
G,G,1.0
G,G,1.0
G,G,1.0
G,G,1.0
G,G,1.0
G,G,1.0
G,G,1.0
G,G,1.0
G,G,1.0
G,G,1.0
G,G,1.0
G,G,1.0
G,S,1.0
G,S,0.99814963
G,G,1.0
G,G,1.0
G,G,1.0
G,G,1.0
G,G,1.0
G,G,1.0
G,M,1.0
G,X,1.0
G,G,1.0
G,G,1.0
G,G,1.0
G,G,1.0
G,G,0.99997544
G,G,1.0
G,G,1.0
G,G,1.0
G,G,1.0
G,G,1.0
G,G,1.0
G,G,1.0
G,G,1.0
G,L,0.99999464
G,G,1.0
G,G,1.0
G,G,1.0
G,H,1.0
G,G,1.0
G,X,1.0
G,G,1.0
G,G,1.0
G,G,1.0
G,G,1.0
G,G,1.0
G,P,1.0
G,G,1.0
G,H,1.0
G,G,0.99996495
G,G,1.0
G,G,1.0
G,P,1.0
G,G,1.0
G,G,1.0
G,G,1.0
G,G,1.0
G,G,1.0
G,G,1.0
G,G,1.0
G,S,1.0
G,G,1.0
G,G,1.0
G,S,1.0
G,G,1.0
G,G,1.0
G,G,1.0
G,G,0.9929436
G,G,1.0
G,G,1.0
G,G,1.0
G,G,1.0
G,H,1.0
G,P,1.0
G,G,1.0
G,G,1.0
G,G,0.9999944
G,G,1.0
G,G,1.0
G,S,1.0
G,G,1.0
G,G,1.0
G,G,1.0
G,G,1.0
G,P,1.0
G,G,1.0
G,A,0.99999976
G,G,1.0
G,G,1.0
G,G,1.0
G,G,1.0
G,G,1.0
G,G,1.0
G,G,1.0
G,G,1.0
G,G,1.0
G,G,1.0
G,G,1.0
G,G,1.0
G,G,1.0
G,G,1.0
G,G,1.0
G,G,1.0
G,A,0.9999548
G,G,1.0
G,G,1.0
G,G,1.0
G,G,1.0
G,G,1.0
G,G,1.0
G,G,1.0
G,G,1.0
G,G,1.0
G,G,1.0
G,G,1.0
G,G,1.0
G,G,1.0
G,G,1.0
G,G,1.0
G,G,1.0
G,G,1.0
G,G,1.0
G,G,1.0
G,G,1.0
G,O,1.0
G,G,1.0
G,G,1.0
G,G,1.0
G,G,1.0
G,G,1.0
G,G,1.0
G,G,1.0
G,G,1.0
G,G,1.0
G,G,1.0
G,G,1.0
G,G,1.0
G,G,1.0
G,X,1.0
G,G,1.0
G,M,0.9935921
G,G,1.0
G,G,1.0
G,G,1.0
G,G,1.0
G,H,0.9997553
G,G,1.0
G,G,1.0
G,G,1.0
G,G,1.0
G,G,1.0
G,G,1.0
G,G,1.0
G,G,1.0
G,G,1.0
G,G,1.0
G,G,1.0
G,G,1.0
G,G,1.0
G,G,1.0
G,G,1.0
G,X,1.0
G,S,1.0
G,G,1.0
G,G,1.0
G,G,1.0
G,G,1.0
G,G,1.0
G,G,1.0
G,G,1.0
G,X,1.0
G,G,1.0
G,G,1.0
G,G,1.0
G,P,1.0
G,G,1.0
G,S,1.0
G,G,1.0
G,G,1.0
G,G,1.0
G,G,1.0
G,G,1.0
G,G,1.0
G,G,1.0
G,G,1.0
G,G,1.0
G,G,1.0
G,G,1.0
G,G,1.0
G,N,1.0
G,G,1.0
G,G,1.0
G,G,1.0
G,G,1.0
G,G,1.0
G,G,1.0
G,G,1.0
G,G,1.0
G,G,1.0
G,G,1.0
G,G,1.0
G,G,1.0
G,G,1.0
G,G,1.0
G,G,1.0
G,G,1.0
G,G,1.0
H,H,1.0
H,H,1.0
H,P,1.0
H,H,1.0
H,H,1.0
H,H,1.0
H,H,1.0
H,H,1.0
H,H,1.0
H,H,1.0
H,H,1.0
H,H,1.0
H,H,1.0
H,H,1.0
H,H,1.0
H,H,1.0
H,H,1.0
H,H,1.0
H,H,1.0
H,H,1.0
H,H,1.0
H,H,1.0
H,G,1.0
H,H,0.55097735
H,H,1.0
H,H,1.0
H,H,1.0
H,G,1.0
H,H,1.0
H,O,1.0
H,H,1.0
H,G,1.0
H,A,1.0
H,H,1.0
H,H,1.0
H,S,1.0
H,H,1.0
H,H,1.0
H,H,1.0
H,H,1.0
H,H,1.0
H,H,1.0
H,H,1.0
H,H,1.0
H,H,1.0
H,H,1.0
H,G,1.0
H,H,1.0
H,H,1.0
H,H,1.0
H,H,1.0
H,H,1.0
H,H,1.0
H,H,1.0
H,H,1.0
H,H,1.0
H,H,1.0
H,H,1.0
H,H,1.0
H,H,1.0
H,H,1.0
H,H,1.0
H,H,1.0
H,H,1.0
H,H,1.0
H,H,1.0
H,G,1.0
H,H,1.0
H,H,1.0
H,H,1.0
H,H,1.0
H,H,1.0
H,H,1.0
H,H,1.0
H,H,1.0
H,H,1.0
H,H,1.0
H,H,1.0
H,H,1.0
H,H,1.0
H,H,1.0
H,H,1.0
H,H,1.0
H,H,1.0
H,H,1.0
H,H,1.0
H,H,1.0
H,H,1.0
H,M,1.0
H,H,1.0
H,H,1.0
H,H,1.0
H,H,1.0
H,H,1.0
H,H,1.0
H,H,1.0
H,H,1.0
H,H,1.0
H,H,1.0
H,H,1.0
H,G,1.0
H,H,1.0
H,H,1.0
H,H,1.0
H,H,1.0
H,H,1.0
H,H,1.0
H,H,1.0
H,H,1.0
H,H,1.0
H,H,1.0
H,H,1.0
H,H,1.0
H,H,1.0
H,H,1.0
H,H,1.0
H,H,1.0
H,G,1.0
H,H,1.0
H,H,1.0
H,H,1.0
H,H,1.0
H,H,1.0
H,H,1.0
H,H,1.0
H,G,1.0
H,H,1.0
H,H,1.0
H,H,1.0
H,H,1.0
H,H,1.0
H,H,1.0
H,H,1.0
H,H,1.0
H,H,1.0
H,G,1.0
H,H,1.0
H,H,1.0
H,H,1.0
H,G,1.0
H,H,1.0
H,H,1.0
H,H,1.0
H,H,1.0
H,H,1.0
H,G,1.0
H,H,1.0
H,H,1.0
H,H,1.0
H,H,1.0
H,H,1.0
H,H,1.0
H,G,1.0
H,H,1.0
H,H,1.0
H,H,1.0
H,H,1.0
H,H,1.0
H,H,1.0
H,H,1.0
H,H,1.0
H,H,1.0
H,H,1.0
H,H,1.0
H,H,1.0
H,H,1.0
H,H,1.0
H,H,1.0
H,H,1.0
H,H,1.0
H,H,1.0
H,H,1.0
H,H,1.0
H,H,1.0
H,H,1.0
H,G,1.0
H,H,1.0
H,H,1.0
H,H,1.0
H,H,1.0
H,H,1.0
H,H,1.0
H,H,1.0
H,P,1.0
H,H,1.0
H,H,1.0
H,H,1.0
H,G,0.9912991
H,H,1.0
H,H,1.0
H,H,1.0
H,H,1.0
H,H,1.0
H,G,1.0
H,H,1.0
H,H,1.0
H,H,1.0
H,H,1.0
H,H,1.0
H,H,1.0
H,H,1.0
H,H,1.0
H,H,1.0
H,H,1.0
H,H,1.0
H,G,0.9783065
H,H,1.0
H,H,1.0
H,H,1.0
H,O,1.0
H,H,1.0
H,H,1.0
H,H,1.0
H,H,1.0
H,H,1.0
H,H,1.0
H,H,1.0
H,H,1.0
H,H,1.0
H,H,1.0
H,G,1.0
H,H,1.0
H,H,1.0
H,H,1.0
H,H,1.0
H,H,1.0
H,H,1.0
H,H,1.0
H,H,1.0
H,H,1.0
H,H,1.0
H,H,1.0
H,H,1.0
H,H,1.0
H,H,1.0
H,H,1.0
H,H,1.0
H,O,1.0
H,H,1.0
H,H,1.0
H,H,1.0
H,H,1.0
H,G,1.0
H,H,1.0
H,H,1.0
H,H,1.0
H,H,1.0
H,H,1.0
H,H,1.0
H,G,1.0
H,H,1.0
H,E,1.0
H,H,1.0
H,G,1.0
H,H,1.0
H,H,1.0
H,H,1.0
H,H,1.0
H,H,1.0
H,H,1.0
H,H,1.0
H,H,1.0
H,O,1.0
H,H,1.0
H,H,1.0
H,H,1.0
H,H,1.0
H,H,0.9541194
H,H,1.0
H,H,1.0
H,H,1.0
H,H,1.0
H,H,1.0
H,H,0.9999999
H,H,1.0
H,H,1.0
H,H,1.0
H,H,1.0
H,H,1.0
H,H,1.0
H,H,1.0
H,H,1.0
H,H,1.0
H,H,1.0
H,H,0.67095196
H,H,1.0
H,H,1.0
H,H,1.0
H,H,1.0
H,H,1.0
H,H,1.0
H,H,1.0
H,H,1.0
H,H,1.0
H,H,1.0
H,H,1.0
H,H,1.0
H,H,1.0
H,H,1.0
H,H,1.0
H,E,1.0
H,H,1.0
H,H,1.0
H,H,1.0
H,H,1.0
H,H,1.0
H,P,1.0
H,H,1.0
H,H,1.0
H,H,1.0
H,H,1.0
H,H,1.0
H,H,1.0
H,H,1.0
H,H,1.0
H,H,1.0
H,H,1.0
H,H,1.0
H,H,1.0
H,G,0.9994618
H,H,1.0
H,H,1.0
H,H,1.0
H,G,1.0
H,G,1.0
H,H,1.0
H,H,1.0
H,H,1.0
H,H,1.0
H,H,1.0
H,H,1.0
H,E,0.997959
H,H,1.0
H,H,1.0
H,H,1.0
H,H,1.0
H,H,1.0
H,H,1.0
H,H,1.0
H,H,1.0
H,H,1.0
H,H,1.0
H,H,1.0
H,H,1.0
H,H,1.0
H,H,1.0
H,H,0.993518
H,H,1.0
H,H,1.0
H,G,1.0
H,H,1.0
H,H,1.0
H,H,1.0
H,G,1.0
H,O,1.0
H,H,1.0
H,G,1.0
H,H,1.0
H,H,1.0
H,G,0.99994385
H,H,1.0
H,H,1.0
H,H,1.0
H,H,1.0
H,H,1.0
H,H,1.0
H,H,1.0
H,H,1.0
H,H,1.0
H,H,1.0
H,H,1.0
H,H,1.0
H,H,1.0
H,H,1.0
H,H,1.0
H,H,1.0
H,H,1.0
H,H,1.0
H,H,1.0
H,H,1.0
H,H,1.0
H,H,1.0
H,S,1.0
H,H,1.0
H,H,1.0
H,H,1.0
H,H,1.0
H,H,1.0
H,H,1.0
H,H,1.0
H,G,1.0
H,H,1.0
H,S,1.0
H,H,1.0
H,G,1.0
H,H,1.0
H,H,1.0
H,H,1.0
H,H,1.0
H,H,1.0
I,I,1.0
I,D,1.0
I,I,1.0
I,I,1.0
I,I,1.0
I,I,1.0
I,D,0.9997975
I,I,1.0
I,P,1.0
I,I,1.0
I,M,0.99997306
I,Y,1.0
I,I,1.0
I,I,1.0
I,I,1.0
I,I,1.0
I,I,1.0
I,L,1.0
I,I,1.0
I,I,1.0
I,I,1.0
I,I,1.0
I,I,1.0
I,I,1.0
I,I,1.0
I,A,1.0
I,I,1.0
I,I,1.0
I,I,1.0
I,M,1.0
I,I,1.0
I,D,0.99999964
I,I,1.0
I,D,1.0
I,I,1.0
I,I,1.0
I,I,1.0
I,I,1.0
I,I,1.0
I,I,1.0
I,L,1.0
I,I,1.0
I,D,1.0
I,I,1.0
I,I,1.0
I,D,0.9999753
I,A,1.0
I,I,1.0
I,L,1.0
I,I,1.0
I,I,1.0
I,L,0.99975795
I,I,1.0
I,I,1.0
I,R,1.0
I,I,1.0
I,I,1.0
I,I,1.0
I,Y,1.0
I,A,1.0
I,I,1.0
I,I,1.0
I,I,1.0
I,I,1.0
I,I,1.0
I,I,1.0
I,I,1.0
I,I,1.0
I,A,1.0
I,A,1.0
I,I,1.0
I,I,1.0
I,Y,0.86514574
I,I,1.0
I,I,1.0
I,E,0.9628273
I,A,1.0
I,I,1.0
I,I,1.0
I,I,1.0
I,I,0.7262922
I,I,1.0
I,I,1.0
I,I,1.0
I,I,1.0
I,I,1.0
I,I,1.0
I,E,1.0
I,I,1.0
I,I,1.0
I,T,1.0
I,I,1.0
I,M,1.0
I,I,1.0
I,I,1.0
I,I,1.0
I,I,1.0
I,I,1.0
I,I,1.0
I,I,1.0
I,I,1.0
I,I,1.0
I,I,1.0
I,I,1.0
I,I,1.0
I,A,1.0
I,I,1.0
I,I,1.0
I,I,0.99999976
I,I,1.0
I,I,1.0
I,T,1.0
I,I,1.0
I,I,1.0
I,I,1.0
I,I,1.0
I,I,1.0
I,I,1.0
I,I,1.0
I,I,1.0
I,I,1.0
I,I,1.0
I,I,0.99999917
I,A,1.0
I,I,1.0
I,I,1.0
I,I,0.9999974
I,P,1.0
I,I,0.9999633
I,I,0.99999976
I,I,1.0
I,I,1.0
I,I,1.0
I,D,0.9996903
I,D,0.9999987
I,I,1.0
I,I,1.0
I,I,1.0
I,I,1.0
I,A,1.0
I,A,1.0
I,I,1.0
I,I,1.0
I,P,1.0
I,I,1.0
I,I,1.0
I,I,1.0
I,I,1.0
I,I,1.0
I,E,1.0
I,I,1.0
I,I,1.0
I,I,1.0
I,I,1.0
I,I,1.0
I,I,1.0
I,E,1.0
I,I,1.0
I,I,1.0
I,I,1.0
I,I,1.0
I,S,1.0
I,A,0.656758
I,Y,1.0
I,I,1.0
I,I,1.0
I,I,1.0
I,I,1.0
I,I,1.0
I,I,1.0
I,T,1.0
I,I,1.0
I,M,1.0
I,I,1.0
I,A,1.0
I,I,1.0
I,I,1.0
I,I,1.0
I,Y,1.0
I,I,1.0
I,I,1.0
I,I,1.0
I,I,1.0
I,I,1.0
I,I,1.0
I,I,1.0
I,I,1.0
I,I,1.0
I,A,1.0
I,I,1.0
I,I,1.0
I,I,1.0
I,I,1.0
I,S,0.99463475
I,K,1.0
I,D,1.0
I,I,1.0
I,I,1.0
I,I,1.0
I,T,1.0
I,I,1.0
I,I,1.0
I,M,0.99897873
I,I,1.0
I,D,1.0
I,I,1.0
I,I,1.0
I,I,1.0
I,D,1.0
I,I,0.99993885
I,I,1.0
I,I,1.0
I,A,1.0
I,I,1.0
I,I,1.0
I,A,1.0
I,D,1.0
I,I,1.0
I,I,1.0
I,I,1.0
I,D,0.9956781
I,I,1.0
I,M,0.9999248
I,I,1.0
I,I,1.0
I,I,1.0
I,I,1.0
I,A,1.0
I,I,1.0
I,I,1.0
I,I,1.0
I,I,1.0
I,I,1.0
I,I,1.0
I,I,1.0
I,I,0.9999802
I,I,1.0
I,P,1.0
I,I,1.0
I,I,1.0
I,I,1.0
I,I,1.0
I,A,1.0
I,K,1.0
I,Y,1.0
I,D,1.0
I,A,1.0
I,I,1.0
I,I,1.0
I,I,1.0
I,I,1.0
I,I,1.0
I,I,1.0
I,A,1.0
I,K,1.0
I,Y,1.0
I,I,1.0
I,I,1.0
I,I,1.0
I,I,1.0
I,E,1.0
I,I,1.0
I,I,1.0
I,A,1.0
I,I,1.0
I,I,1.0
I,I,1.0
I,E,1.0
I,I,1.0
I,I,1.0
I,I,1.0
I,I,1.0
I,E,1.0
I,I,1.0
I,I,1.0
I,I,1.0
I,I,1.0
I,I,1.0
I,I,1.0
I,I,1.0
I,I,1.0
I,I,1.0
I,I,1.0
I,K,1.0
I,I,1.0
I,I,1.0
I,I,1.0
I,I,1.0
I,I,1.0
I,S,1.0
I,Y,1.0
I,I,1.0
I,Y,1.0
I,I,1.0
I,I,1.0
I,D,0.99993896
I,Y,1.0
I,I,1.0
I,I,1.0
I,A,0.9999999
I,I,1.0
I,D,1.0
I,I,1.0
I,D,1.0
I,I,1.0
I,I,1.0
I,I,1.0
I,I,1.0
I,Y,1.0
I,I,1.0
I,I,1.0
I,I,1.0
I,I,1.0
I,I,1.0
I,A,0.99999976
I,A,1.0
I,I,1.0
I,I,1.0
I,I,1.0
I,I,1.0
I,I,1.0
I,I,1.0
I,I,0.9999999
I,I,1.0
I,D,1.0
I,I,1.0
I,I,1.0
I,I,1.0
I,I,1.0
I,I,1.0
I,I,1.0
I,I,1.0
I,I,1.0
I,I,1.0
I,E,1.0
I,I,1.0
I,I,1.0
I,I,1.0
I,I,0.9977997
I,I,1.0
I,I,1.0
I,E,1.0
I,I,1.0
I,I,1.0
I,A,1.0
I,I,1.0
I,I,1.0
I,I,1.0
I,A,1.0
I,I,1.0
I,I,1.0
I,A,1.0
I,T,1.0
I,I,1.0
I,L,1.0
I,I,1.0
I,I,1.0
I,I,1.0
I,K,1.0
I,I,1.0
I,I,0.8941326
I,I,1.0
I,I,1.0
I,I,1.0
I,I,1.0
I,I,1.0
I,I,1.0
I,A,1.0
I,I,1.0
I,I,1.0
I,I,1.0
I,I,1.0
I,I,1.0
I,I,1.0
I,I,1.0
I,I,1.0
I,I,1.0
I,I,1.0
I,I,0.99999976
I,I,0.9996259
I,I,1.0
I,D,1.0
I,I,1.0
I,Y,1.0
I,I,1.0
I,I,1.0
I,I,1.0
I,I,1.0
I,I,1.0
I,I,1.0
I,I,1.0
I,I,1.0
I,A,1.0
I,I,1.0
I,A,1.0
I,I,1.0
I,I,1.0
I,I,1.0
I,I,1.0
I,E,1.0
J,R,1.0
J,F,1.0
J,B,0.9997969
J,J,1.0
J,K,1.0
J,W,1.0
J,J,1.0
J,W,1.0
J,W,1.0
J,W,1.0
J,W,1.0
J,K,0.9999999
J,W,1.0
J,J,1.0
J,W,1.0
J,W,1.0
J,J,1.0
J,W,1.0
J,J,1.0
J,F,1.0
J,J,1.0
J,F,1.0
J,J,1.0
J,J,1.0
J,J,0.99922895
J,J,1.0
J,W,1.0
J,J,1.0
J,K,1.0
J,R,1.0
J,J,1.0
J,W,0.99981505
J,J,1.0
J,J,1.0
J,R,1.0
J,F,1.0
J,V,0.9999907
J,Z,1.0
J,R,1.0
J,J,1.0
J,J,1.0
J,P,1.0
J,J,1.0
J,V,1.0
J,W,1.0
J,W,1.0
J,J,1.0
J,J,1.0
J,X,1.0
J,K,0.999995
J,K,1.0
J,J,1.0
J,Z,0.9999988
J,J,1.0
J,R,1.0
J,W,1.0
J,J,1.0
J,W,1.0
J,K,1.0
J,W,1.0
J,J,1.0
J,J,1.0
J,J,1.0
J,W,1.0
J,V,0.99998593
J,V,1.0
J,J,1.0
J,J,0.9999746
J,F,1.0
J,R,0.99999666
J,W,1.0
J,F,1.0
J,W,1.0
J,F,0.99999964
J,J,1.0
J,J,1.0
J,K,1.0
J,K,1.0
J,V,1.0
J,Z,1.0
J,J,0.54823893
J,J,0.9999962
J,J,1.0
J,W,1.0
J,W,1.0
J,J,1.0
J,K,1.0
J,J,1.0
J,T,1.0
J,N,1.0
J,W,1.0
J,V,0.9713597
J,B,1.0
J,W,1.0
J,J,1.0
J,J,1.0
J,J,1.0
J,F,1.0
J,J,1.0
J,J,1.0
J,W,1.0
J,J,1.0
J,W,1.0
J,Z,1.0
J,F,1.0
J,J,1.0
J,W,1.0
J,J,1.0
J,Z,0.99961686
J,J,1.0
J,K,1.0
J,E,1.0
J,J,1.0
J,J,1.0
J,J,1.0
J,W,0.9999999
J,Z,1.0
J,J,0.9255586
J,J,0.9988164
J,K,1.0
J,F,1.0
J,J,1.0
J,J,1.0
J,W,1.0
J,W,1.0
J,J,1.0
J,W,1.0
J,J,1.0
J,Z,1.0
J,J,1.0
J,Z,0.61879486
J,J,1.0
J,J,1.0
J,J,1.0
J,J,0.9998447
J,Z,1.0
J,J,1.0
J,W,1.0
J,T,1.0
J,F,0.9988632
J,W,1.0
J,W,1.0
J,B,1.0
J,R,0.9999851
J,V,1.0
J,F,0.9965724
J,J,1.0
J,W,1.0
J,W,1.0
J,J,1.0
J,W,1.0
J,J,1.0
J,J,1.0
J,J,1.0
J,W,1.0
J,N,0.7463225
J,J,1.0
J,F,1.0
J,F,1.0
J,J,1.0
J,J,1.0
J,K,1.0
J,J,1.0
J,W,0.99978846
J,W,1.0
J,F,0.9999945
J,W,1.0
J,F,0.99997246
J,F,1.0
J,W,1.0
J,W,1.0
J,J,1.0
J,W,1.0
J,W,1.0
J,W,1.0
J,W,1.0
J,R,0.99996924
J,F,1.0
J,J,1.0
J,K,1.0
J,J,0.91877836
J,W,1.0
J,W,1.0
J,Z,1.0
J,J,1.0
J,J,1.0
J,Z,1.0
J,F,1.0
J,K,1.0
J,J,1.0
J,P,1.0
J,Z,1.0
J,Z,1.0
J,V,0.98666036
J,J,1.0
J,F,1.0
J,Z,0.99999976
J,Z,1.0
J,J,1.0
J,W,1.0
J,W,0.9999999
J,Z,0.9999976
J,J,1.0
J,W,0.97753125
J,V,1.0
J,R,1.0
J,F,1.0
J,W,1.0
J,D,1.0
J,J,1.0
J,J,1.0
J,T,1.0
J,Z,1.0
J,W,1.0
J,J,1.0
J,W,1.0
J,W,1.0
J,V,0.99999094
J,W,0.9999975
J,J,1.0
J,R,1.0
J,J,1.0
J,K,0.99996483
J,P,1.0
J,V,1.0
J,V,1.0
J,J,1.0
J,J,1.0
J,W,1.0
J,F,1.0
J,Z,1.0
J,J,1.0
J,V,0.99999905
J,J,1.0
J,K,0.99999285
J,W,0.9999993
J,F,1.0
J,F,1.0
J,F,1.0
J,H,1.0
J,J,1.0
J,Z,0.994121
J,J,1.0
J,J,1.0
J,W,1.0
J,J,1.0
J,W,1.0
J,W,1.0
J,J,1.0
J,W,1.0
J,J,1.0
J,J,1.0
J,F,1.0
J,W,1.0
J,F,1.0
J,F,1.0
J,Z,1.0
J,Z,1.0
J,F,1.0
J,J,1.0
J,W,1.0
J,W,1.0
J,X,1.0
J,V,1.0
J,F,1.0
J,K,0.99999976
J,J,1.0
J,W,1.0
J,W,1.0
J,F,1.0
J,F,1.0
J,W,1.0
J,W,1.0
J,W,1.0
J,W,1.0
J,Z,0.9951014
J,P,1.0
J,J,1.0
J,T,0.99980384
J,V,0.99999964
J,K,0.9999969
J,Z,1.0
J,J,1.0
J,I,1.0
J,V,1.0
J,W,1.0
J,T,1.0
J,W,1.0
J,W,1.0
J,J,1.0
J,W,1.0
J,K,1.0
J,F,1.0
J,W,1.0
J,J,1.0
J,W,1.0
J,J,1.0
J,J,1.0
J,V,0.740796
J,W,1.0
J,F,0.9988661
J,W,0.9999999
J,W,1.0
J,F,1.0
J,J,1.0
J,W,1.0
J,W,1.0
J,W,1.0
J,J,1.0
J,V,1.0
J,F,1.0
J,W,1.0
J,W,0.86950564
J,R,1.0
J,F,1.0
J,K,1.0
J,R,1.0
J,W,1.0
J,W,1.0
J,W,1.0
J,W,1.0
J,W,1.0
J,J,1.0
J,J,1.0
J,J,0.97369623
J,J,1.0
J,Z,0.98454434
J,W,1.0
J,W,1.0
J,J,1.0
J,J,1.0
J,J,1.0
J,J,1.0
J,J,1.0
J,J,1.0
J,W,1.0
J,J,0.99961936
J,W,0.9999995
J,W,0.99999654
J,K,0.99999857
J,F,1.0
J,J,1.0
J,W,0.99953187
J,J,0.97816384
J,R,1.0
J,W,1.0
J,J,1.0
J,J,1.0
J,J,1.0
J,R,1.0
J,Z,1.0
J,K,1.0
J,F,1.0
J,R,0.9191869
J,J,1.0
J,W,1.0
J,Z,1.0
J,Z,1.0
J,I,1.0
J,W,0.9999994
J,J,1.0
J,V,1.0
J,J,1.0
J,W,1.0
J,K,1.0
J,K,1.0
J,W,1.0
J,W,1.0
J,W,1.0
J,W,1.0
J,I,1.0
J,J,1.0
J,J,1.0
J,R,1.0
J,K,1.0
J,W,1.0
J,W,1.0
J,F,1.0
J,W,0.9339472
J,F,1.0
J,Z,0.9989924
J,J,1.0
J,J,1.0
J,F,1.0
J,J,1.0
J,J,1.0
J,J,1.0
J,K,1.0
J,J,1.0
J,J,1.0
J,W,1.0
J,F,0.99997485
J,J,1.0
J,J,1.0
J,J,1.0
J,J,1.0
J,F,0.9540468
J,W,1.0
J,P,0.99980325
J,Z,1.0
K,K,1.0
K,K,1.0
K,K,1.0
K,K,1.0
K,K,1.0
K,R,1.0
K,K,1.0
K,K,1.0
K,K,1.0
K,K,1.0
K,K,1.0
K,K,1.0
K,K,1.0
K,K,1.0
K,K,1.0
K,K,1.0
K,K,1.0
K,K,1.0
K,K,1.0
K,K,1.0
K,K,1.0
K,K,1.0
K,K,1.0
K,K,1.0
K,K,1.0
K,K,1.0
K,K,1.0
K,K,1.0
K,K,1.0
K,K,1.0
K,K,1.0
K,K,1.0
K,K,1.0
K,K,1.0
K,K,1.0
K,K,1.0
K,D,0.9999515
K,K,1.0
K,K,1.0
K,K,1.0
K,K,1.0
K,K,1.0
K,K,1.0
K,K,1.0
K,V,0.99999976
K,K,1.0
K,K,1.0
K,K,1.0
K,K,1.0
K,R,0.96922606
K,K,1.0
K,K,1.0
K,K,1.0
K,K,1.0
K,K,1.0
K,K,1.0
K,K,1.0
K,K,1.0
K,V,1.0
K,K,1.0
K,K,1.0
K,K,1.0
K,K,1.0
K,K,1.0
K,K,1.0
K,K,1.0
K,K,1.0
K,K,1.0
K,W,1.0
K,K,1.0
K,K,1.0
K,K,1.0
K,V,1.0
K,K,1.0
K,K,1.0
K,K,1.0
K,K,1.0
K,K,1.0
K,K,1.0
K,K,1.0
K,K,1.0
K,K,1.0
K,K,1.0
K,K,1.0
K,K,1.0
K,K,1.0
K,K,1.0
K,K,1.0
K,R,1.0
K,K,1.0
K,K,1.0
K,K,1.0
K,K,1.0
K,K,1.0
K,K,1.0
K,K,1.0
K,K,1.0
K,K,1.0
K,V,1.0
K,K,1.0
K,K,1.0
K,K,0.99972993
K,K,1.0
K,K,1.0
K,K,1.0
K,K,1.0
K,K,0.9999995
K,K,1.0
K,K,1.0
K,K,1.0
K,K,1.0
K,V,1.0
K,K,1.0
K,K,1.0
K,K,1.0
K,K,1.0
K,R,0.99783355
K,K,1.0
K,K,1.0
K,K,1.0
K,K,1.0
K,K,0.9999337
K,V,1.0
K,K,1.0
K,K,1.0
K,V,0.99996924
K,K,1.0
K,K,1.0
K,K,1.0
K,K,1.0
K,V,1.0
K,K,1.0
K,K,1.0
K,K,1.0
K,K,1.0
K,V,1.0
K,K,1.0
K,R,1.0
K,K,1.0
K,V,1.0
K,K,1.0
K,K,1.0
K,K,1.0
K,K,1.0
K,R,1.0
K,K,1.0
K,K,1.0
K,K,0.99996746
K,K,1.0
K,K,1.0
K,K,1.0
K,K,1.0
K,K,1.0
K,K,1.0
K,K,1.0
K,K,1.0
K,K,1.0
K,K,1.0
K,K,1.0
K,K,1.0
K,K,1.0
K,K,1.0
K,K,1.0
K,K,1.0
K,K,1.0
K,K,1.0
K,K,1.0
K,K,1.0
K,K,1.0
K,K,1.0
K,V,1.0
K,K,1.0
K,R,1.0
K,K,1.0
K,K,1.0
K,R,1.0
K,K,1.0
K,K,1.0
K,K,1.0
K,K,1.0
K,K,1.0
K,K,1.0
K,K,1.0
K,K,0.989219
K,K,1.0
K,K,1.0
K,K,1.0
K,K,1.0
K,K,1.0
K,K,1.0
K,K,1.0
K,K,1.0
K,V,1.0
K,K,1.0
K,K,1.0
K,K,1.0
K,K,1.0
K,K,1.0
K,K,1.0
K,R,1.0
K,K,1.0
K,K,1.0
K,K,1.0
K,K,1.0
K,K,1.0
K,K,1.0
K,K,1.0
K,K,1.0
K,K,1.0
K,K,1.0
K,K,1.0
K,K,1.0
K,K,1.0
K,K,1.0
K,K,1.0
K,K,1.0
K,K,1.0
K,K,1.0
K,K,1.0
K,K,1.0
K,K,1.0
K,K,1.0
K,K,1.0
K,K,1.0
K,K,1.0
K,K,1.0
K,K,1.0
K,K,1.0
K,K,1.0
K,K,1.0
K,K,1.0
K,K,1.0
K,K,1.0
K,K,1.0
K,K,1.0
K,K,1.0
K,K,1.0
K,K,1.0
K,K,1.0
K,R,0.99995923
K,K,1.0
K,K,1.0
K,K,1.0
K,K,1.0
K,V,1.0
K,K,1.0
K,K,1.0
K,K,1.0
K,V,1.0
K,K,1.0
K,K,1.0
K,K,1.0
K,K,1.0
K,K,1.0
K,K,1.0
K,K,1.0
K,K,1.0
K,V,0.999987
K,K,1.0
K,K,1.0
K,K,1.0
K,K,1.0
K,K,1.0
K,K,1.0
K,K,1.0
K,K,1.0
K,K,1.0
K,K,1.0
K,R,1.0
K,K,1.0
K,R,1.0
K,K,1.0
K,K,1.0
K,K,1.0
K,K,1.0
K,K,1.0
K,K,1.0
K,K,1.0
K,K,1.0
K,R,1.0
K,K,1.0
K,V,1.0
K,K,1.0
K,R,0.99615425
K,K,1.0
K,K,1.0
K,K,1.0
K,K,1.0
K,K,1.0
K,K,1.0
K,K,1.0
K,R,1.0
K,K,1.0
K,K,1.0
K,R,0.9922742
K,K,1.0
K,R,1.0
K,R,1.0
K,K,1.0
K,K,1.0
K,K,1.0
K,K,1.0
K,K,1.0
K,K,0.9996172
K,K,0.99999976
K,K,1.0
K,K,1.0
K,K,1.0
K,K,1.0
K,K,1.0
K,K,1.0
K,K,1.0
K,K,1.0
K,K,1.0
K,K,1.0
K,K,1.0
K,V,1.0
K,V,1.0
K,K,1.0
K,V,0.9999999
K,K,1.0
K,K,1.0
K,K,1.0
K,K,1.0
K,K,0.99999785
K,K,1.0
K,K,1.0
K,K,1.0
K,K,1.0
K,K,1.0
K,K,1.0
K,K,1.0
K,K,1.0
K,K,1.0
K,K,1.0
K,K,1.0
K,K,1.0
K,K,1.0
K,K,1.0
K,K,1.0
K,V,1.0
K,K,1.0
K,K,1.0
K,K,1.0
K,K,1.0
K,R,1.0
K,K,1.0
K,K,1.0
K,K,1.0
K,K,1.0
K,K,1.0
K,K,1.0
K,K,1.0
K,K,1.0
K,K,1.0
K,K,1.0
K,K,1.0
K,K,1.0
K,V,1.0
K,K,1.0
K,K,1.0
K,K,1.0
K,V,1.0
K,K,1.0
K,K,1.0
K,K,1.0
K,K,1.0
K,K,1.0
K,V,0.99996376
K,K,1.0
K,K,1.0
K,K,1.0
K,K,1.0
K,K,1.0
K,D,1.0
K,K,1.0
K,K,1.0
K,K,1.0
K,K,1.0
K,V,1.0
K,K,1.0
K,K,1.0
K,K,1.0
K,K,1.0
K,R,1.0
K,K,1.0
K,K,1.0
K,K,1.0
K,K,1.0
K,K,1.0
K,K,1.0
K,K,1.0
K,R,1.0
K,K,1.0
K,K,1.0
K,K,1.0
K,K,1.0
K,K,1.0
K,K,1.0
K,K,1.0
L,L,1.0
L,L,1.0
L,L,1.0
L,L,1.0
L,L,1.0
L,D,1.0
L,L,1.0
L,D,1.0
L,L,1.0
L,L,1.0
L,K,1.0
L,L,1.0
L,D,1.0
L,L,1.0
L,L,1.0
L,L,1.0
L,L,1.0
L,L,1.0
L,L,1.0
L,L,1.0
L,L,1.0
L,L,1.0
L,L,1.0
L,L,1.0
L,L,1.0
L,L,1.0
L,L,0.99832004
L,L,1.0
L,L,1.0
L,D,1.0
L,L,1.0
L,L,1.0
L,L,1.0
L,L,1.0
L,L,1.0
L,R,1.0
L,K,1.0
L,K,1.0
L,L,1.0
L,L,1.0
L,L,1.0
L,L,0.9999999
L,L,1.0
L,L,1.0
L,K,1.0
L,L,1.0
L,L,1.0
L,L,1.0
L,L,1.0
L,K,1.0
L,L,1.0
L,L,1.0
L,K,1.0
L,L,1.0
L,L,1.0
L,L,1.0
L,L,1.0
L,L,0.9998957
L,D,1.0
L,L,1.0
L,L,1.0
L,L,1.0
L,D,0.99980885
L,L,1.0
L,L,1.0
L,L,1.0
L,L,1.0
L,L,1.0
L,K,1.0
L,L,1.0
L,L,1.0
L,L,1.0
L,L,1.0
L,L,1.0
L,D,1.0
L,L,1.0
L,L,1.0
L,D,1.0
L,L,1.0
L,L,1.0
L,P,1.0
L,D,1.0
L,L,1.0
L,K,1.0
L,L,1.0
L,L,1.0
L,L,1.0
L,L,1.0
L,L,1.0
L,L,1.0
L,L,1.0
L,L,0.9999999
L,L,1.0
L,L,1.0
L,L,1.0
L,L,1.0
L,L,1.0
L,L,1.0
L,L,1.0
L,L,1.0
L,L,1.0
L,L,1.0
L,L,1.0
L,L,1.0
L,L,1.0
L,L,1.0
L,D,1.0
L,S,1.0
L,L,1.0
L,L,1.0
L,L,1.0
L,K,1.0
L,D,0.8725494
L,L,1.0
L,L,1.0
L,L,1.0
L,L,1.0
L,L,1.0
L,L,1.0
L,L,1.0
L,L,1.0
L,D,1.0
L,L,1.0
L,L,1.0
L,L,1.0
L,L,0.99999976
L,L,1.0
L,L,1.0
L,L,1.0
L,L,1.0
L,R,1.0
L,L,1.0
L,D,1.0
L,L,1.0
L,L,1.0
L,L,1.0
L,L,1.0
L,L,1.0
L,L,1.0
L,L,1.0
L,L,1.0
L,L,1.0
L,L,1.0
L,K,1.0
L,K,1.0
L,L,1.0
L,L,1.0
L,K,1.0
L,L,1.0
L,R,1.0
L,K,0.9999696
L,K,1.0
L,D,1.0
L,L,1.0
L,L,1.0
L,L,1.0
L,L,1.0
L,L,1.0
L,L,1.0
L,L,1.0
L,L,1.0
L,L,1.0
L,K,1.0
L,L,1.0
L,L,1.0
L,D,1.0
L,K,1.0
L,L,1.0
L,L,1.0
L,D,1.0
L,D,1.0
L,L,1.0
L,L,1.0
L,L,1.0
L,L,1.0
L,L,1.0
L,K,1.0
L,L,1.0
L,D,1.0
L,L,1.0
L,L,1.0
L,D,1.0
L,L,1.0
L,L,1.0
L,D,1.0
L,L,1.0
L,L,1.0
L,L,1.0
L,L,1.0
L,K,0.99997544
L,L,1.0
L,L,1.0
L,L,1.0
L,L,1.0
L,L,1.0
L,L,1.0
L,L,1.0
L,L,1.0
L,L,1.0
L,L,1.0
L,L,1.0
L,L,1.0
L,L,1.0
L,L,1.0
L,L,1.0
L,L,1.0
L,L,1.0
L,L,1.0
L,L,1.0
L,K,1.0
L,L,1.0
L,P,1.0
L,L,1.0
L,L,1.0
L,L,1.0
L,L,1.0
L,L,1.0
L,L,1.0
L,L,1.0
L,L,1.0
L,L,1.0
L,L,1.0
L,L,1.0
L,L,1.0
L,L,1.0
L,L,1.0
L,L,1.0
L,K,1.0
L,L,1.0
L,L,1.0
L,L,1.0
L,L,0.99999714
L,L,1.0
L,L,1.0
L,K,1.0
L,L,1.0
L,L,1.0
L,L,1.0
L,L,1.0
L,L,1.0
L,L,1.0
L,K,1.0
L,L,1.0
L,L,1.0
L,L,1.0
L,K,1.0
L,N,1.0
L,L,1.0
L,K,1.0
L,L,1.0
L,L,1.0
L,L,1.0
L,L,1.0
L,L,1.0
L,L,1.0
L,L,1.0
L,L,1.0
L,L,1.0
L,D,1.0
L,K,1.0
L,R,0.99998343
L,L,1.0
L,L,1.0
L,L,1.0
L,D,1.0
L,L,1.0
L,L,1.0
L,L,1.0
L,L,1.0
L,L,1.0
L,L,1.0
L,L,1.0
L,L,1.0
L,K,1.0
L,L,1.0
L,L,1.0
L,L,1.0
L,L,1.0
L,L,1.0
L,G,0.999979
L,R,1.0
L,D,1.0
L,D,1.0
L,L,1.0
L,L,1.0
L,L,1.0
L,L,1.0
L,D,1.0
L,K,1.0
L,L,1.0
L,L,1.0
L,K,1.0
L,A,1.0
L,L,1.0
L,K,1.0
L,L,1.0
L,L,1.0
L,D,1.0
L,L,1.0
L,L,1.0
L,L,1.0
L,R,0.8086629
L,R,1.0
L,L,1.0
L,L,1.0
L,D,1.0
L,D,1.0
L,L,1.0
L,D,1.0
L,D,1.0
L,L,1.0
L,D,1.0
L,L,1.0
L,L,1.0
L,L,1.0
L,L,1.0
L,K,1.0
L,L,1.0
L,L,1.0
L,L,1.0
L,L,1.0
L,L,1.0
L,L,1.0
L,L,1.0
L,L,1.0
L,L,1.0
L,A,1.0
L,L,1.0
L,L,1.0
L,L,1.0
L,L,1.0
L,L,1.0
L,L,1.0
L,L,1.0
L,L,1.0
L,L,1.0
L,L,1.0
L,L,1.0
L,L,1.0
L,L,1.0
L,D,1.0
L,L,1.0
L,L,1.0
L,K,1.0
L,L,1.0
L,L,1.0
L,L,1.0
L,L,1.0
L,L,1.0
L,L,1.0
L,L,1.0
L,L,1.0
L,L,1.0
L,L,1.0
L,L,1.0
L,K,1.0
L,L,1.0
L,R,0.99999976
L,L,1.0
L,L,1.0
L,L,1.0
L,L,1.0
L,L,1.0
L,L,1.0
L,L,1.0
L,L,1.0
L,D,1.0
L,L,1.0
L,L,1.0
L,L,1.0
L,L,1.0
L,K,0.9999882
L,L,1.0
L,D,1.0
L,L,1.0
L,L,1.0
L,K,1.0
L,L,1.0
L,L,1.0
L,K,0.99995387
L,D,1.0
L,L,1.0
L,L,1.0
L,L,1.0
L,K,1.0
L,L,1.0
L,L,1.0
L,K,1.0
L,L,1.0
L,L,1.0
L,L,1.0
L,L,1.0
L,L,1.0
L,L,1.0
L,L,1.0
L,L,1.0
L,L,1.0
L,L,1.0
L,L,1.0
L,L,1.0
M,M,1.0
M,N,1.0
M,M,1.0
M,M,1.0
M,M,1.0
M,M,1.0
M,M,1.0
M,M,1.0
M,M,1.0
M,M,1.0
M,M,1.0
M,M,1.0
M,M,1.0
M,N,1.0
M,M,1.0
M,M,1.0
M,M,1.0
M,N,0.9999993
M,M,1.0
M,M,1.0
M,M,1.0
M,M,1.0
M,M,1.0
M,M,1.0
M,M,1.0
M,M,1.0
M,M,1.0
M,M,1.0
M,M,1.0
M,M,1.0
M,M,1.0
M,M,1.0
M,M,1.0
M,M,1.0
M,M,1.0
M,M,1.0
M,M,1.0
M,N,1.0
M,M,1.0
M,M,1.0
M,M,1.0
M,M,1.0
M,M,1.0
M,N,1.0
M,M,1.0
M,M,1.0
M,N,1.0
M,M,1.0
M,M,1.0
M,M,1.0
M,M,1.0
M,M,1.0
M,M,1.0
M,M,1.0
M,M,1.0
M,M,1.0
M,M,1.0
M,M,1.0
M,M,1.0
M,N,1.0
M,M,1.0
M,M,1.0
M,M,1.0
M,M,1.0
M,M,1.0
M,M,1.0
M,M,1.0
M,M,1.0
M,M,1.0
M,M,1.0
M,M,1.0
M,N,1.0
M,M,1.0
M,M,1.0
M,M,1.0
M,M,1.0
M,M,1.0
M,M,1.0
M,N,1.0
M,M,1.0
M,M,1.0
M,M,1.0
M,M,1.0
M,M,1.0
M,M,1.0
M,M,1.0
M,M,1.0
M,M,1.0
M,M,1.0
M,M,1.0
M,M,1.0
M,M,1.0
M,M,1.0
M,M,1.0
M,M,1.0
M,M,1.0
M,M,1.0
M,M,1.0
M,M,1.0
M,M,1.0
M,M,1.0
M,M,1.0
M,M,1.0
M,M,1.0
M,M,1.0
M,M,1.0
M,M,1.0
M,M,1.0
M,M,1.0
M,M,1.0
M,M,1.0
M,M,1.0
M,M,1.0
M,M,1.0
M,M,1.0
M,N,1.0
M,N,0.9997154
M,M,1.0
M,M,1.0
M,M,1.0
M,M,1.0
M,M,1.0
M,M,1.0
M,M,1.0
M,N,1.0
M,M,1.0
M,M,1.0
M,M,1.0
M,M,1.0
M,M,1.0
M,M,1.0
M,M,1.0
M,M,1.0
M,M,1.0
M,M,1.0
M,M,1.0
M,M,1.0
M,M,1.0
M,M,1.0
M,M,1.0
M,M,1.0
M,N,1.0
M,M,1.0
M,N,1.0
M,M,1.0
M,M,1.0
M,M,1.0
M,M,1.0
M,M,1.0
M,M,1.0
M,M,1.0
M,M,1.0
M,M,1.0
M,M,1.0
M,M,0.9953544
M,M,1.0
M,M,1.0
M,M,1.0
M,N,1.0
M,M,1.0
M,M,1.0
M,N,1.0
M,M,1.0
M,M,1.0
M,M,1.0
M,M,1.0
M,M,1.0
M,M,1.0
M,M,1.0
M,M,1.0
M,M,1.0
M,M,1.0
M,M,1.0
M,M,1.0
M,M,1.0
M,M,1.0
M,M,1.0
M,N,1.0
M,M,1.0
M,M,1.0
M,M,1.0
M,M,1.0
M,M,1.0
M,M,1.0
M,M,1.0
M,M,1.0
M,M,1.0
M,M,1.0
M,M,1.0
M,N,1.0
M,M,1.0
M,M,1.0
M,M,1.0
M,M,1.0
M,M,1.0
M,M,1.0
M,M,1.0
M,M,1.0
M,M,1.0
M,M,1.0
M,M,1.0
M,M,1.0
M,M,1.0
M,M,1.0
M,M,1.0
M,M,1.0
M,M,1.0
M,M,1.0
M,M,1.0
M,M,1.0
M,M,1.0
M,N,1.0
M,M,1.0
M,M,1.0
M,M,1.0
M,M,1.0
M,M,1.0
M,M,1.0
M,M,1.0
M,M,1.0
M,M,1.0
M,M,1.0
M,M,1.0
M,M,1.0
M,M,1.0
M,M,1.0
M,M,1.0
M,M,1.0
M,M,1.0
M,M,1.0
M,M,1.0
M,M,1.0
M,M,1.0
M,M,1.0
M,M,1.0
M,N,1.0
M,M,1.0
M,M,1.0
M,M,1.0
M,M,1.0
M,M,1.0
M,M,1.0
M,M,1.0
M,M,1.0
M,M,1.0
M,M,1.0
M,M,1.0
M,M,1.0
M,M,1.0
M,M,1.0
M,M,1.0
M,M,1.0
M,M,1.0
M,M,1.0
M,M,1.0
M,M,1.0
M,M,1.0
M,M,1.0
M,M,1.0
M,M,1.0
M,N,1.0
M,M,1.0
M,N,1.0
M,M,1.0
M,M,1.0
M,M,1.0
M,M,1.0
M,N,1.0
M,M,1.0
M,A,1.0
M,M,0.99989307
M,M,1.0
M,M,0.99999774
M,M,1.0
M,M,1.0
M,M,1.0
M,M,1.0
M,M,1.0
M,M,1.0
M,M,1.0
M,M,1.0
M,M,1.0
M,M,1.0
M,M,1.0
M,M,1.0
M,M,1.0
M,M,1.0
M,M,1.0
M,M,1.0
M,M,1.0
M,N,1.0
M,M,1.0
M,M,1.0
M,M,1.0
M,M,1.0
M,N,1.0
M,M,1.0
M,M,1.0
M,M,1.0
M,M,1.0
M,M,1.0
M,M,1.0
M,M,1.0
M,M,1.0
M,M,1.0
M,M,1.0
M,M,1.0
M,M,1.0
M,M,1.0
M,N,1.0
M,M,1.0
M,M,1.0
M,M,1.0
M,M,1.0
M,N,1.0
M,M,0.9999397
M,M,1.0
M,M,1.0
M,M,1.0
M,M,1.0
M,M,1.0
M,M,1.0
M,N,1.0
M,M,1.0
M,M,1.0
M,M,1.0
M,M,1.0
M,M,1.0
M,M,1.0
M,M,1.0
M,M,1.0
M,N,1.0
M,M,1.0
M,M,1.0
M,N,1.0
M,M,1.0
M,M,1.0
M,M,0.9565062
M,M,1.0
M,M,1.0
M,M,1.0
M,M,1.0
M,M,1.0
M,M,1.0
M,M,1.0
M,M,1.0
M,N,1.0
M,M,1.0
M,M,1.0
M,M,1.0
M,M,1.0
M,M,1.0
M,M,1.0
M,N,1.0
M,M,1.0
M,M,1.0
M,M,1.0
M,M,1.0
M,M,1.0
M,M,1.0
M,M,1.0
M,N,1.0
M,M,1.0
M,M,1.0
M,M,1.0
M,M,1.0
M,M,1.0
M,N,1.0
M,M,1.0
M,M,1.0
M,M,1.0
M,M,1.0
M,M,1.0
M,M,1.0
M,M,1.0
M,M,1.0
M,M,1.0
M,M,1.0
M,M,0.99972254
M,M,1.0
M,M,1.0
M,M,1.0
M,M,1.0
M,M,1.0
M,M,1.0
M,M,1.0
M,M,1.0
M,M,1.0
M,M,1.0
M,M,1.0
M,M,1.0
M,M,1.0
M,M,1.0
M,M,1.0
M,M,1.0
M,M,1.0
M,M,1.0
M,M,1.0
M,M,1.0
M,M,1.0
N,N,1.0
N,M,1.0
N,N,1.0
N,N,1.0
N,N,1.0
N,N,1.0
N,N,1.0
N,N,1.0
N,N,0.99999595
N,N,1.0
N,N,1.0
N,N,1.0
N,N,1.0
N,N,1.0
N,N,1.0
N,N,1.0
N,N,1.0
N,N,1.0
N,N,1.0
N,N,1.0
N,N,1.0
N,N,1.0
N,N,1.0
N,N,1.0
N,N,1.0
N,N,1.0
N,N,1.0
N,N,1.0
N,N,1.0
N,N,1.0
N,N,1.0
N,N,1.0
N,N,1.0
N,N,1.0
N,N,1.0
N,N,1.0
N,N,1.0
N,N,1.0
N,N,1.0
N,N,1.0
N,N,1.0
N,N,1.0
N,N,1.0
N,N,1.0
N,N,1.0
N,N,1.0
N,N,1.0
N,N,1.0
N,N,1.0
N,R,0.7168447
N,N,1.0
N,N,1.0
N,N,1.0
N,N,1.0
N,N,1.0
N,N,1.0
N,N,1.0
N,N,1.0
N,N,1.0
N,N,1.0
N,N,1.0
N,N,1.0
N,N,1.0
N,N,1.0
N,N,1.0
N,N,1.0
N,N,1.0
N,N,1.0
N,N,1.0
N,N,1.0
N,N,1.0
N,M,1.0
N,N,1.0
N,N,1.0
N,N,1.0
N,N,1.0
N,R,1.0
N,N,1.0
N,N,1.0
N,N,1.0
N,N,1.0
N,N,1.0
N,N,1.0
N,N,1.0
N,N,1.0
N,N,1.0
N,N,1.0
N,N,1.0
N,T,0.99913186
N,N,1.0
N,N,1.0
N,N,1.0
N,N,1.0
N,N,1.0
N,N,1.0
N,N,1.0
N,N,1.0
N,N,1.0
N,N,1.0
N,N,1.0
N,R,1.0
N,N,1.0
N,N,1.0
N,N,1.0
N,N,1.0
N,N,1.0
N,N,1.0
N,N,1.0
N,N,1.0
N,N,1.0
N,N,1.0
N,N,1.0
N,N,1.0
N,N,1.0
N,N,1.0
N,N,1.0
N,N,1.0
N,N,1.0
N,N,1.0
N,N,1.0
N,N,1.0
N,N,1.0
N,N,1.0
N,N,1.0
N,N,1.0
N,N,1.0
N,N,1.0
N,N,1.0
N,N,1.0
N,N,1.0
N,N,1.0
N,N,1.0
N,N,1.0
N,N,1.0
N,N,1.0
N,N,1.0
N,N,1.0
N,N,1.0
N,N,1.0
N,N,1.0
N,N,1.0
N,N,1.0
N,N,1.0
N,N,1.0
N,N,1.0
N,N,1.0
N,N,1.0
N,N,1.0
N,N,1.0
N,N,1.0
N,N,1.0
N,N,1.0
N,N,1.0
N,N,1.0
N,N,1.0
N,N,1.0
N,N,1.0
N,N,1.0
N,N,1.0
N,N,1.0
N,N,1.0
N,N,1.0
N,N,1.0
N,N,1.0
N,N,1.0
N,N,1.0
N,N,1.0
N,N,1.0
N,N,1.0
N,N,1.0
N,N,1.0
N,N,1.0
N,N,1.0
N,N,1.0
N,E,1.0
N,N,1.0
N,M,1.0
N,N,1.0
N,N,1.0
N,N,1.0
N,N,1.0
N,N,1.0
N,N,1.0
N,N,1.0
N,N,1.0
N,N,1.0
N,N,1.0
N,N,1.0
N,N,1.0
N,N,1.0
N,N,1.0
N,N,1.0
N,N,1.0
N,N,1.0
N,N,1.0
N,N,1.0
N,N,1.0
N,N,1.0
N,N,1.0
N,N,1.0
N,N,1.0
N,N,1.0
N,N,1.0
N,N,1.0
N,N,1.0
N,N,1.0
N,N,1.0
N,N,1.0
N,N,1.0
N,N,1.0
N,N,1.0
N,N,1.0
N,N,1.0
N,N,1.0
N,N,1.0
N,N,1.0
N,N,1.0
N,N,1.0
N,N,1.0
N,N,1.0
N,N,1.0
N,R,1.0
N,N,1.0
N,N,1.0
N,N,1.0
N,N,1.0
N,N,1.0
N,N,1.0
N,N,1.0
N,M,0.99999857
N,N,1.0
N,N,1.0
N,N,1.0
N,N,1.0
N,N,1.0
N,N,1.0
N,N,1.0
N,N,1.0
N,N,1.0
N,N,1.0
N,N,1.0
N,N,1.0
N,N,1.0
N,N,1.0
N,N,1.0
N,N,1.0
N,N,1.0
N,N,1.0
N,N,1.0
N,N,1.0
N,N,1.0
N,N,1.0
N,N,1.0
N,N,1.0
N,N,1.0
N,N,1.0
N,N,1.0
N,N,1.0
N,N,1.0
N,N,1.0
N,N,1.0
N,N,1.0
N,E,1.0
N,N,1.0
N,N,1.0
N,N,1.0
N,N,1.0
N,N,1.0
N,N,1.0
N,N,1.0
N,N,1.0
N,N,1.0
N,N,1.0
N,N,1.0
N,N,1.0
N,N,1.0
N,N,1.0
N,N,1.0
N,N,1.0
N,N,1.0
N,N,1.0
N,N,1.0
N,N,1.0
N,N,1.0
N,N,1.0
N,N,1.0
N,N,1.0
N,N,1.0
N,N,1.0
N,N,1.0
N,N,1.0
N,N,1.0
N,N,1.0
N,N,1.0
N,N,1.0
N,N,1.0
N,R,1.0
N,N,1.0
N,N,1.0
N,N,1.0
N,N,1.0
N,N,1.0
N,N,1.0
N,N,1.0
N,N,1.0
N,N,1.0
N,N,1.0
N,N,1.0
N,N,1.0
N,N,1.0
N,N,1.0
N,N,1.0
N,N,1.0
N,N,1.0
N,N,1.0
N,N,1.0
N,N,1.0
N,N,1.0
N,N,1.0
N,N,1.0
N,N,1.0
N,N,1.0
N,N,1.0
N,N,1.0
N,N,0.99999905
N,N,1.0
N,N,1.0
N,N,1.0
N,N,1.0
N,N,1.0
N,N,1.0
N,N,1.0
N,N,1.0
N,N,1.0
N,N,1.0
N,N,1.0
N,N,1.0
N,N,1.0
N,N,1.0
N,N,1.0
N,N,1.0
N,N,1.0
N,N,1.0
N,N,1.0
N,N,1.0
N,N,1.0
N,M,1.0
N,N,1.0
N,N,1.0
N,N,1.0
N,N,1.0
N,N,1.0
N,N,1.0
N,N,1.0
N,N,1.0
N,N,1.0
N,N,1.0
N,N,1.0
N,N,1.0
N,N,1.0
N,N,1.0
N,N,1.0
N,N,1.0
N,R,1.0
N,R,0.99999976
N,N,1.0
N,N,1.0
N,N,1.0
N,N,1.0
N,N,1.0
N,N,1.0
N,N,1.0
N,N,1.0
N,N,1.0
N,N,1.0
N,N,1.0
N,N,1.0
N,N,1.0
N,N,1.0
N,N,1.0
N,N,1.0
N,N,1.0
N,M,1.0
N,N,1.0
N,N,1.0
N,N,1.0
N,N,1.0
N,N,1.0
N,N,1.0
N,N,1.0
N,N,1.0
N,N,1.0
N,N,1.0
N,N,1.0
N,N,1.0
N,N,1.0
N,N,1.0
N,N,1.0
N,N,1.0
N,N,1.0
O,O,1.0
O,O,1.0
O,O,1.0
O,O,1.0
O,O,1.0
O,O,1.0
O,O,1.0
O,O,1.0
O,O,1.0
O,O,1.0
O,O,1.0
O,O,1.0
O,O,1.0
O,O,1.0
O,O,1.0
O,O,1.0
O,O,1.0
O,O,1.0
O,O,1.0
O,O,1.0
O,O,1.0
O,O,1.0
O,O,1.0
O,O,1.0
O,O,1.0
O,O,1.0
O,O,1.0
O,O,1.0
O,O,1.0
O,O,1.0
O,O,1.0
O,O,1.0
O,O,1.0
O,O,1.0
O,O,1.0
O,O,1.0
O,O,1.0
O,O,1.0
O,O,1.0
O,O,1.0
O,O,1.0
O,O,1.0
O,O,1.0
O,O,1.0
O,O,1.0
O,O,1.0
O,O,1.0
O,O,1.0
O,O,1.0
O,O,1.0
O,O,1.0
O,O,1.0
O,O,1.0
O,O,1.0
O,O,1.0
O,O,1.0
O,O,1.0
O,O,1.0
O,O,1.0
O,O,1.0
O,O,1.0
O,O,1.0
O,O,1.0
O,O,1.0
O,O,1.0
O,O,1.0
O,O,1.0
O,O,1.0
O,O,1.0
O,O,1.0
O,O,1.0
O,O,1.0
O,O,1.0
O,O,1.0
O,O,1.0
O,O,1.0
O,O,1.0
O,O,1.0
O,O,1.0
O,O,1.0
O,O,1.0
O,O,1.0
O,O,1.0
O,O,1.0
O,O,1.0
O,O,1.0
O,O,1.0
O,O,1.0
O,O,1.0
O,O,1.0
O,O,1.0
O,O,1.0
O,O,1.0
O,O,1.0
O,O,1.0
O,O,1.0
O,O,1.0
O,O,1.0
O,O,1.0
O,O,1.0
O,O,1.0
O,O,1.0
O,O,1.0
O,O,1.0
O,O,1.0
O,O,1.0
O,O,1.0
O,O,1.0
O,O,1.0
O,O,1.0
O,O,1.0
O,O,1.0
O,O,1.0
O,O,1.0
O,O,1.0
O,O,1.0
O,O,1.0
O,O,1.0
O,O,1.0
O,O,1.0
O,O,1.0
O,O,1.0
O,O,1.0
O,O,1.0
O,O,1.0
O,O,1.0
O,O,1.0
O,O,1.0
O,O,1.0
O,O,1.0
O,S,1.0
O,O,1.0
O,O,1.0
O,O,1.0
O,O,1.0
O,O,1.0
O,O,1.0
O,O,1.0
O,O,1.0
O,O,1.0
O,O,1.0
O,O,1.0
O,O,1.0
O,O,1.0
O,O,1.0
O,O,1.0
O,O,1.0
O,O,1.0
O,O,1.0
O,O,1.0
O,O,1.0
O,O,1.0
O,O,1.0
O,O,1.0
O,O,1.0
O,O,1.0
O,O,0.99987304
O,O,1.0
O,O,1.0
O,O,1.0
O,O,1.0
O,O,1.0
O,O,1.0
O,O,1.0
O,O,1.0
O,O,1.0
O,O,1.0
O,O,1.0
O,O,1.0
O,O,1.0
O,O,1.0
O,O,1.0
O,O,1.0
O,O,1.0
O,O,1.0
O,O,1.0
O,O,1.0
O,O,1.0
O,O,1.0
O,O,1.0
O,O,1.0
O,O,1.0
O,O,1.0
O,O,1.0
O,O,1.0
O,O,1.0
O,O,1.0
O,O,1.0
O,O,1.0
O,O,1.0
O,O,1.0
O,O,1.0
O,O,1.0
O,O,1.0
O,O,1.0
O,N,1.0
O,O,1.0
O,O,1.0
O,O,1.0
O,O,1.0
O,O,1.0
O,O,1.0
O,O,1.0
O,O,1.0
O,O,1.0
O,O,1.0
O,O,1.0
O,O,1.0
O,O,1.0
O,O,1.0
O,O,1.0
O,O,1.0
O,O,1.0
O,O,1.0
O,O,1.0
O,O,1.0
O,O,1.0
O,O,1.0
O,O,1.0
O,O,1.0
O,O,1.0
O,O,1.0
O,O,1.0
O,O,1.0
O,O,1.0
O,O,1.0
O,S,1.0
O,O,1.0
O,O,1.0
O,O,1.0
O,O,1.0
O,O,1.0
O,O,1.0
O,O,1.0
O,O,1.0
O,O,1.0
O,O,1.0
O,O,1.0
O,O,1.0
O,M,1.0
O,O,1.0
O,O,1.0
O,O,1.0
O,O,1.0
O,O,1.0
O,O,1.0
O,O,1.0
O,O,1.0
O,O,1.0
O,O,1.0
O,O,1.0
O,O,1.0
O,O,1.0
O,O,0.99999845
O,O,1.0
O,O,1.0
O,O,1.0
O,O,1.0
O,O,1.0
O,O,1.0
O,O,1.0
O,O,1.0
O,O,1.0
O,O,1.0
O,O,1.0
O,O,1.0
O,O,1.0
O,O,1.0
O,O,1.0
O,O,1.0
O,O,1.0
O,O,1.0
O,O,1.0
O,O,1.0
O,O,1.0
O,O,1.0
O,O,1.0
O,S,0.99997616
O,O,1.0
O,O,1.0
O,O,1.0
O,O,1.0
O,O,1.0
O,O,1.0
O,O,1.0
O,O,1.0
O,O,1.0
O,O,1.0
O,O,1.0
O,O,1.0
O,O,1.0
O,O,1.0
O,O,1.0
O,O,1.0
O,O,1.0
O,O,1.0
O,O,1.0
O,O,1.0
O,O,1.0
O,O,1.0
O,O,1.0
O,O,1.0
O,O,1.0
O,O,1.0
O,O,1.0
O,O,1.0
O,O,1.0
O,O,1.0
O,O,1.0
O,O,1.0
O,O,0.9999317
O,O,1.0
O,O,1.0
O,O,1.0
O,O,1.0
O,O,1.0
O,O,1.0
O,O,1.0
O,O,1.0
O,O,1.0
O,O,1.0
O,O,1.0
O,O,1.0
O,O,1.0
O,O,1.0
O,O,1.0
O,O,1.0
O,O,1.0
O,O,1.0
O,O,1.0
O,O,1.0
O,O,1.0
O,O,1.0
O,S,1.0
O,O,1.0
O,O,1.0
O,O,1.0
O,O,1.0
O,O,1.0
O,S,0.47755545
O,O,1.0
O,O,1.0
O,O,1.0
O,O,1.0
O,O,1.0
O,O,1.0
O,O,1.0
O,O,1.0
O,O,1.0
O,O,1.0
O,O,1.0
O,O,1.0
O,O,1.0
O,O,1.0
O,O,1.0
O,O,1.0
O,O,1.0
O,O,1.0
O,O,1.0
O,O,1.0
O,O,1.0
O,O,1.0
O,O,1.0
O,O,1.0
O,O,1.0
O,O,1.0
O,O,1.0
O,O,1.0
O,O,1.0
O,O,1.0
O,O,1.0
O,O,1.0
O,O,1.0
O,O,1.0
O,O,1.0
O,O,1.0
O,O,1.0
O,O,1.0
O,O,1.0
O,O,1.0
O,O,1.0
O,O,1.0
O,O,1.0
O,O,1.0
O,O,1.0
O,O,1.0
O,N,1.0
O,O,1.0
O,O,1.0
O,O,1.0
O,O,1.0
O,O,1.0
O,S,1.0
O,O,1.0
O,O,1.0
O,O,1.0
O,O,1.0
O,O,1.0
O,O,1.0
O,O,1.0
P,P,1.0
P,P,1.0
P,N,1.0
P,P,1.0
P,P,1.0
P,P,1.0
P,P,1.0
P,P,1.0
P,P,1.0
P,N,1.0
P,P,1.0
P,P,1.0
P,P,1.0
P,T,0.98738223
P,S,1.0
P,P,1.0
P,P,1.0
P,P,1.0
P,P,1.0
P,P,1.0
P,P,1.0
P,P,1.0
P,P,1.0
P,P,1.0
P,P,1.0
P,P,1.0
P,P,1.0
P,P,1.0
P,P,1.0
P,P,1.0
P,P,1.0
P,P,1.0
P,P,1.0
P,P,1.0
P,P,1.0
P,P,1.0
P,P,1.0
P,P,1.0
P,P,1.0
P,N,1.0
P,P,1.0
P,P,1.0
P,P,1.0
P,P,1.0
P,P,1.0
P,P,1.0
P,P,1.0
P,P,1.0
P,P,1.0
P,P,1.0
P,P,1.0
P,P,1.0
P,P,1.0
P,P,1.0
P,P,1.0
P,P,1.0
P,P,1.0
P,P,1.0
P,P,1.0
P,M,0.9992285
P,P,1.0
P,P,1.0
P,P,1.0
P,P,1.0
P,P,1.0
P,P,1.0
P,P,1.0
P,P,1.0
P,P,1.0
P,P,1.0
P,P,1.0
P,M,1.0
P,P,1.0
P,P,1.0
P,P,1.0
P,S,1.0
P,P,1.0
P,P,1.0
P,P,1.0
P,P,1.0
P,P,1.0
P,P,1.0
P,P,1.0
P,N,0.72098875
P,P,1.0
P,P,1.0
P,P,1.0
P,M,1.0
P,P,1.0
P,P,1.0
P,P,1.0
P,P,1.0
P,P,1.0
P,P,1.0
P,P,1.0
P,P,1.0
P,N,1.0
P,P,1.0
P,P,1.0
P,N,1.0
P,P,1.0
P,P,1.0
P,P,1.0
P,P,1.0
P,P,1.0
P,P,1.0
P,P,1.0
P,P,1.0
P,P,1.0
P,P,1.0
P,P,1.0
P,P,1.0
P,N,1.0
P,P,1.0
P,P,1.0
P,S,1.0
P,P,1.0
P,P,1.0
P,P,0.97840434
P,P,1.0
P,P,1.0
P,P,1.0
P,P,1.0
P,P,1.0
P,P,1.0
P,P,0.9974057
P,T,0.9990276
P,P,1.0
P,N,1.0
P,P,1.0
P,P,1.0
P,P,1.0
P,P,1.0
P,P,0.9732763
P,P,1.0
P,P,1.0
P,P,1.0
P,P,1.0
P,P,1.0
P,P,1.0
P,P,1.0
P,P,1.0
P,P,1.0
P,P,1.0
P,N,1.0
P,P,1.0
P,P,1.0
P,N,1.0
P,P,1.0
P,R,1.0
P,P,1.0
P,P,1.0
P,P,1.0
P,P,1.0
P,P,1.0
P,N,1.0
P,P,1.0
P,P,1.0
P,P,1.0
P,P,1.0
P,P,1.0
P,P,1.0
P,P,1.0
P,P,1.0
P,P,1.0
P,P,1.0
P,P,1.0
P,P,1.0
P,P,1.0
P,P,1.0
P,P,1.0
P,P,1.0
P,P,1.0
P,P,1.0
P,P,1.0
P,P,1.0
P,P,1.0
P,P,1.0
P,P,1.0
P,P,1.0
P,P,1.0
P,P,1.0
P,P,1.0
P,P,1.0
P,P,1.0
P,P,1.0
P,P,1.0
P,P,1.0
P,P,1.0
P,N,1.0
P,P,1.0
P,P,1.0
P,N,0.99998355
P,P,1.0
P,S,1.0
P,P,1.0
P,P,1.0
P,P,1.0
P,P,1.0
P,P,1.0
P,P,1.0
P,P,1.0
P,P,1.0
P,P,1.0
P,P,1.0
P,P,1.0
P,P,1.0
P,N,1.0
P,P,1.0
P,P,1.0
P,P,1.0
P,R,1.0
P,P,1.0
P,S,1.0
P,P,1.0
P,P,1.0
P,R,0.99999726
P,P,1.0
P,P,0.7012085
P,P,1.0
P,P,1.0
P,P,1.0
P,P,1.0
P,P,1.0
P,P,1.0
P,P,1.0
P,P,1.0
P,N,1.0
P,P,1.0
P,P,1.0
P,P,1.0
P,P,1.0
P,P,1.0
P,P,1.0
P,P,1.0
P,P,1.0
P,N,1.0
P,P,1.0
P,P,1.0
P,P,1.0
P,P,1.0
P,P,1.0
P,P,1.0
P,P,1.0
P,P,1.0
P,P,1.0
P,P,1.0
P,P,1.0
P,P,1.0
P,P,1.0
P,R,1.0
P,P,1.0
P,P,1.0
P,P,1.0
P,P,1.0
P,P,1.0
P,P,1.0
P,P,1.0
P,P,1.0
P,P,1.0
P,N,1.0
P,P,1.0
P,N,1.0
P,P,1.0
P,P,1.0
P,P,1.0
P,P,1.0
P,P,1.0
P,N,1.0
P,P,1.0
P,P,1.0
P,P,1.0
P,M,1.0
P,P,1.0
P,P,1.0
P,P,1.0
P,N,1.0
P,P,1.0
P,P,0.998718
P,P,1.0
P,P,1.0
P,P,1.0
P,P,1.0
P,P,1.0
P,P,1.0
P,P,1.0
P,P,1.0
P,P,1.0
P,N,1.0
P,P,1.0
P,P,1.0
P,P,1.0
P,P,1.0
P,P,1.0
P,P,1.0
P,P,1.0
P,N,1.0
P,P,1.0
P,P,1.0
P,P,1.0
P,P,1.0
P,P,1.0
P,P,1.0
P,P,1.0
P,P,1.0
P,P,1.0
P,P,1.0
P,P,1.0
P,P,1.0
P,P,1.0
P,P,1.0
P,P,1.0
P,P,1.0
P,P,1.0
P,P,1.0
P,P,1.0
P,P,1.0
P,N,0.9999995
P,P,1.0
P,P,1.0
P,P,1.0
P,P,1.0
P,R,1.0
P,P,1.0
P,P,1.0
P,Q,0.9999982
P,R,0.9999999
P,P,1.0
P,P,1.0
P,P,1.0
P,P,1.0
P,P,1.0
P,P,1.0
P,P,1.0
P,N,1.0
P,P,1.0
P,P,1.0
P,N,1.0
P,P,1.0
P,P,1.0
P,P,1.0
P,P,1.0
P,P,1.0
P,P,1.0
P,P,1.0
P,P,1.0
P,P,1.0
P,P,1.0
P,P,1.0
P,P,1.0
P,M,1.0
P,P,1.0
P,P,1.0
P,P,1.0
P,N,1.0
P,P,1.0
P,P,1.0
P,P,1.0
P,P,1.0
P,P,1.0
P,P,1.0
P,P,1.0
P,P,1.0
P,P,1.0
P,N,1.0
P,P,1.0
P,P,1.0
P,P,1.0
P,P,1.0
P,P,1.0
P,N,1.0
P,P,1.0
P,P,1.0
P,P,1.0
P,P,1.0
P,P,1.0
P,P,1.0
P,P,1.0
P,P,1.0
P,P,1.0
P,P,1.0
P,P,1.0
P,P,0.99999964
P,P,1.0
P,P,1.0
P,P,1.0
P,P,1.0
P,P,1.0
P,P,1.0
P,P,1.0
P,P,1.0
P,P,1.0
P,P,1.0
P,P,1.0
P,P,0.9999999
P,P,1.0
P,P,1.0
P,P,1.0
P,P,1.0
P,P,1.0
Q,Q,1.0
Q,Q,1.0
Q,Q,1.0
Q,Q,1.0
Q,Q,1.0
Q,Q,1.0
Q,Q,1.0
Q,Q,1.0
Q,Q,1.0
Q,Q,1.0
Q,Q,1.0
Q,Q,1.0
Q,Q,1.0
Q,Q,1.0
Q,Q,1.0
Q,Q,1.0
Q,Q,1.0
Q,Q,1.0
Q,Q,1.0
Q,Q,1.0
Q,Q,1.0
Q,Q,1.0
Q,Q,1.0
Q,Q,1.0
Q,Q,1.0
Q,Q,1.0
Q,Q,1.0
Q,Q,1.0
Q,Q,1.0
Q,Q,1.0
Q,Q,1.0
Q,Q,1.0
Q,Q,1.0
Q,Q,1.0
Q,Q,1.0
Q,Q,1.0
Q,Q,1.0
Q,Q,1.0
Q,Q,1.0
Q,Q,1.0
Q,Q,1.0
Q,Q,1.0
Q,Q,1.0
Q,Q,1.0
Q,Q,1.0
Q,Q,1.0
Q,Q,1.0
Q,Q,1.0
Q,V,0.99999833
Q,Q,1.0
Q,Q,1.0
Q,Q,1.0
Q,Q,1.0
Q,Q,1.0
Q,Q,1.0
Q,Q,1.0
Q,Q,1.0
Q,Q,1.0
Q,Q,1.0
Q,Q,1.0
Q,Q,1.0
Q,Q,1.0
Q,Q,1.0
Q,Q,1.0
Q,M,1.0
Q,Q,1.0
Q,Q,1.0
Q,Q,1.0
Q,Q,1.0
Q,Q,1.0
Q,Q,1.0
Q,Q,1.0
Q,Q,1.0
Q,Q,1.0
Q,Q,1.0
Q,Q,1.0
Q,Q,1.0
Q,Q,1.0
Q,Q,1.0
Q,Q,1.0
Q,Q,1.0
Q,Q,1.0
Q,Q,1.0
Q,Q,1.0
Q,Q,1.0
Q,Q,1.0
Q,Q,1.0
Q,Q,1.0
Q,Q,1.0
Q,Q,1.0
Q,Q,1.0
Q,Q,1.0
Q,Q,1.0
Q,Q,1.0
Q,Q,1.0
Q,Q,1.0
Q,Q,1.0
Q,Q,1.0
Q,Q,1.0
Q,Q,1.0
Q,Q,1.0
Q,Q,1.0
Q,Q,1.0
Q,Q,1.0
Q,Q,1.0
Q,Q,1.0
Q,Q,1.0
Q,Q,1.0
Q,Q,1.0
Q,Q,1.0
Q,Q,1.0
Q,Q,1.0
Q,Q,1.0
Q,Q,1.0
Q,Q,1.0
Q,Q,1.0
Q,Q,1.0
Q,Q,1.0
Q,Q,1.0
Q,Q,1.0
Q,Q,1.0
Q,Q,1.0
Q,Q,1.0
Q,Q,1.0
Q,Q,1.0
Q,Q,1.0
Q,Q,1.0
Q,Q,1.0
Q,Q,1.0
Q,Q,1.0
Q,Q,1.0
Q,Q,1.0
Q,Q,1.0
Q,Q,1.0
Q,Q,1.0
Q,Q,1.0
Q,Q,1.0
Q,Q,1.0
Q,Q,1.0
Q,Q,1.0
Q,Q,1.0
Q,Q,1.0
Q,Q,1.0
Q,Q,1.0
Q,Q,1.0
Q,Q,1.0
Q,Q,1.0
Q,Q,1.0
Q,Q,1.0
Q,Q,1.0
Q,Q,1.0
Q,Q,1.0
Q,Q,1.0
Q,Q,1.0
Q,Q,1.0
Q,Q,1.0
Q,Q,1.0
Q,Q,1.0
Q,Q,1.0
Q,Q,1.0
Q,Q,1.0
Q,Q,1.0
Q,Q,1.0
Q,Q,1.0
Q,Q,1.0
Q,Q,1.0
Q,Q,1.0
Q,Q,1.0
Q,Q,1.0
Q,Q,1.0
Q,Q,1.0
Q,Q,1.0
Q,Q,1.0
Q,Q,1.0
Q,Q,1.0
Q,Q,1.0
Q,Q,1.0
Q,Q,1.0
Q,Q,1.0
Q,Q,1.0
Q,Q,1.0
Q,Q,1.0
Q,Q,1.0
Q,Q,1.0
Q,Q,1.0
Q,Q,1.0
Q,Q,1.0
Q,Q,1.0
Q,Q,1.0
Q,Q,1.0
Q,Q,1.0
Q,Q,1.0
Q,Q,1.0
Q,Q,1.0
Q,Q,1.0
Q,Q,1.0
Q,Q,1.0
Q,Q,1.0
Q,Q,1.0
Q,Q,1.0
Q,Q,1.0
Q,Q,1.0
Q,Q,1.0
Q,Q,1.0
Q,Q,1.0
Q,Q,1.0
Q,Q,1.0
Q,Q,1.0
Q,Q,1.0
Q,Q,1.0
Q,Q,1.0
Q,Q,1.0
Q,Q,1.0
Q,M,1.0
Q,Q,1.0
Q,Q,1.0
Q,Q,1.0
Q,Q,1.0
Q,Q,1.0
Q,Q,1.0
Q,Q,1.0
Q,Q,1.0
Q,Q,1.0
Q,Q,1.0
Q,Q,1.0
Q,Q,0.9976781
Q,Q,1.0
Q,Q,1.0
Q,Q,1.0
Q,Q,1.0
Q,Q,1.0
Q,Q,1.0
Q,Q,1.0
Q,Q,1.0
Q,Q,1.0
Q,Q,1.0
Q,Q,1.0
Q,Q,1.0
Q,Q,1.0
Q,Q,1.0
Q,Q,1.0
Q,Q,1.0
Q,Q,1.0
Q,Q,1.0
Q,Q,1.0
Q,Q,1.0
Q,Q,1.0
Q,Q,1.0
Q,Q,1.0
Q,Q,1.0
Q,Q,1.0
Q,Q,1.0
Q,M,1.0
Q,Q,1.0
Q,Q,1.0
Q,Q,1.0
Q,Q,1.0
Q,Q,1.0
Q,Q,1.0
Q,Q,1.0
Q,Q,1.0
Q,Q,1.0
Q,Q,1.0
Q,Q,1.0
Q,Q,1.0
Q,Q,1.0
Q,Q,1.0
Q,Q,1.0
Q,Q,1.0
Q,Q,1.0
Q,Q,1.0
Q,Q,1.0
Q,Q,1.0
Q,Q,1.0
Q,Q,1.0
Q,Q,1.0
Q,Q,1.0
Q,Q,1.0
Q,Q,1.0
Q,Q,1.0
Q,Q,1.0
Q,Q,1.0
Q,Q,1.0
Q,Q,1.0
Q,Q,1.0
Q,Q,1.0
Q,Q,1.0
Q,Q,1.0
Q,Q,1.0
Q,Q,1.0
Q,Q,1.0
Q,Q,1.0
Q,Q,1.0
Q,Q,1.0
Q,Q,1.0
Q,Q,1.0
Q,Q,1.0
Q,Q,1.0
Q,Q,1.0
Q,Q,1.0
Q,Q,1.0
Q,Q,1.0
Q,Q,0.99999845
Q,Q,1.0
Q,Q,1.0
Q,Q,1.0
Q,Q,1.0
Q,Q,1.0
Q,Q,1.0
Q,Q,1.0
Q,Q,1.0
Q,Q,1.0
Q,Q,1.0
Q,Q,1.0
Q,Q,1.0
Q,Q,1.0
Q,Q,1.0
Q,Q,1.0
Q,Q,1.0
Q,Q,1.0
Q,Q,1.0
Q,Q,1.0
Q,Q,1.0
Q,Q,1.0
Q,Q,1.0
Q,Q,1.0
Q,Q,1.0
Q,Q,1.0
Q,Q,1.0
Q,Q,1.0
Q,Q,1.0
Q,Q,1.0
Q,Q,1.0
Q,Q,1.0
Q,Q,1.0
Q,Q,1.0
Q,Q,1.0
Q,Q,1.0
Q,Q,1.0
Q,Q,1.0
Q,Q,1.0
Q,Q,1.0
Q,Q,1.0
Q,Q,1.0
Q,Q,1.0
Q,Q,1.0
Q,Q,1.0
Q,Q,1.0
Q,Q,1.0
Q,Q,1.0
Q,Q,1.0
Q,M,0.99999964
Q,Q,1.0
Q,Q,1.0
Q,Q,1.0
Q,Q,1.0
Q,Q,1.0
Q,Q,1.0
Q,Q,1.0
Q,Q,1.0
Q,Q,1.0
Q,Q,1.0
Q,Q,1.0
Q,Q,1.0
Q,Q,1.0
Q,Q,1.0
Q,Q,1.0
Q,Q,1.0
Q,Q,1.0
Q,Q,1.0
Q,Q,1.0
Q,Q,1.0
Q,Q,1.0
Q,Q,1.0
Q,Q,1.0
Q,Q,1.0
Q,Q,1.0
Q,Q,1.0
Q,Q,1.0
Q,Q,1.0
Q,Q,1.0
Q,Q,1.0
Q,S,1.0
Q,Q,1.0
Q,Q,1.0
Q,Q,1.0
Q,Q,1.0
Q,Q,1.0
Q,Q,1.0
Q,Q,1.0
Q,Q,1.0
Q,Q,1.0
Q,Q,1.0
Q,Q,1.0
Q,Q,1.0
Q,Q,1.0
Q,Q,1.0
Q,Q,1.0
Q,Q,1.0
Q,Q,1.0
R,R,1.0
R,R,1.0
R,R,1.0
R,R,1.0
R,R,1.0
R,R,1.0
R,R,1.0
R,R,1.0
R,R,1.0
R,R,1.0
R,R,1.0
R,R,1.0
R,R,1.0
R,R,1.0
R,R,1.0
R,R,1.0
R,R,1.0
R,R,1.0
R,R,1.0
R,R,1.0
R,R,1.0
R,R,1.0
R,R,1.0
R,R,1.0
R,R,1.0
R,N,1.0
R,R,1.0
R,R,1.0
R,R,1.0
R,R,1.0
R,R,1.0
R,R,1.0
R,R,1.0
R,R,1.0
R,R,1.0
R,R,1.0
R,R,1.0
R,R,1.0
R,R,1.0
R,R,1.0
R,N,1.0
R,R,1.0
R,R,1.0
R,R,1.0
R,R,1.0
R,R,1.0
R,R,1.0
R,R,1.0
R,R,1.0
R,R,1.0
R,R,1.0
R,R,1.0
R,R,1.0
R,R,1.0
R,R,1.0
R,R,1.0
R,R,1.0
R,R,1.0
R,R,1.0
R,R,1.0
R,R,1.0
R,R,1.0
R,R,1.0
R,R,1.0
R,R,1.0
R,R,1.0
R,R,1.0
R,R,1.0
R,R,1.0
R,R,1.0
R,R,1.0
R,R,1.0
R,R,1.0
R,R,1.0
R,R,1.0
R,R,1.0
R,R,1.0
R,R,1.0
R,R,1.0
R,R,1.0
R,R,1.0
R,R,1.0
R,R,1.0
R,R,1.0
R,R,1.0
R,R,1.0
R,R,1.0
R,R,1.0
R,R,1.0
R,R,1.0
R,R,1.0
R,R,1.0
R,R,1.0
R,R,1.0
R,R,1.0
R,R,1.0
R,R,1.0
R,R,1.0
R,R,1.0
R,R,1.0
R,R,1.0
R,R,1.0
R,R,1.0
R,R,1.0
R,R,1.0
R,R,1.0
R,R,1.0
R,R,1.0
R,R,1.0
R,R,1.0
R,R,1.0
R,R,1.0
R,R,1.0
R,R,1.0
R,R,1.0
R,R,1.0
R,R,1.0
R,R,1.0
R,R,1.0
R,R,1.0
R,R,1.0
R,R,1.0
R,R,1.0
R,R,1.0
R,R,1.0
R,R,1.0
R,V,0.855693
R,R,1.0
R,R,1.0
R,R,1.0
R,R,1.0
R,R,1.0
R,R,1.0
R,R,1.0
R,R,1.0
R,R,1.0
R,R,1.0
R,R,1.0
R,R,1.0
R,R,1.0
R,R,1.0
R,R,1.0
R,R,1.0
R,R,1.0
R,R,1.0
R,R,1.0
R,R,1.0
R,R,1.0
R,R,1.0
R,R,1.0
R,R,1.0
R,R,1.0
R,R,1.0
R,R,1.0
R,R,1.0
R,R,1.0
R,R,1.0
R,R,1.0
R,R,1.0
R,R,1.0
R,R,1.0
R,R,1.0
R,R,1.0
R,R,1.0
R,R,1.0
R,R,1.0
R,R,1.0
R,R,1.0
R,R,1.0
R,R,1.0
R,R,1.0
R,R,1.0
R,R,1.0
R,R,1.0
R,R,1.0
R,R,1.0
R,R,1.0
R,R,1.0
R,R,1.0
R,R,1.0
R,R,1.0
R,R,1.0
R,R,1.0
R,R,1.0
R,R,1.0
R,R,1.0
R,R,1.0
R,R,1.0
R,R,1.0
R,R,1.0
R,R,1.0
R,R,1.0
R,R,1.0
R,R,1.0
R,R,1.0
R,R,1.0
R,R,1.0
R,R,1.0
R,R,1.0
R,R,1.0
R,R,1.0
R,R,1.0
R,R,1.0
R,R,1.0
R,R,1.0
R,R,1.0
R,R,1.0
R,R,1.0
R,R,1.0
R,R,1.0
R,R,1.0
R,R,1.0
R,R,1.0
R,R,1.0
R,R,1.0
R,R,1.0
R,R,1.0
R,R,1.0
R,R,1.0
R,R,1.0
R,R,1.0
R,R,1.0
R,R,1.0
R,R,1.0
R,R,1.0
R,R,1.0
R,R,1.0
R,R,1.0
R,R,1.0
R,R,1.0
R,R,1.0
R,N,1.0
R,R,1.0
R,R,1.0
R,R,1.0
R,R,1.0
R,R,1.0
R,R,1.0
R,R,1.0
R,R,1.0
R,R,1.0
R,R,1.0
R,R,1.0
R,R,1.0
R,R,1.0
R,R,1.0
R,R,1.0
R,R,1.0
R,R,1.0
R,R,1.0
R,R,1.0
R,R,1.0
R,R,1.0
R,R,1.0
R,R,1.0
R,R,1.0
R,R,1.0
R,R,1.0
R,R,1.0
R,R,1.0
R,R,1.0
R,R,1.0
R,R,1.0
R,R,1.0
R,R,1.0
R,R,1.0
R,R,1.0
R,R,1.0
R,R,1.0
R,R,1.0
R,R,1.0
R,R,1.0
R,R,1.0
R,R,1.0
R,R,1.0
R,R,1.0
R,R,1.0
R,R,1.0
R,R,1.0
R,R,1.0
R,R,1.0
R,R,1.0
R,R,1.0
R,R,1.0
R,R,1.0
R,R,1.0
R,R,1.0
R,R,1.0
R,R,1.0
R,R,1.0
R,R,1.0
R,R,1.0
R,R,1.0
R,R,1.0
R,R,1.0
R,R,1.0
R,R,1.0
R,R,1.0
R,R,1.0
R,R,1.0
R,R,1.0
R,R,1.0
R,R,1.0
R,R,1.0
R,R,1.0
R,R,1.0
R,R,1.0
R,R,1.0
R,R,1.0
R,R,1.0
R,R,1.0
R,R,1.0
R,R,1.0
R,R,1.0
R,R,1.0
R,R,1.0
R,R,1.0
R,R,1.0
R,R,1.0
R,R,1.0
R,R,1.0
R,R,1.0
R,R,1.0
R,R,1.0
R,R,1.0
R,R,1.0
R,R,1.0
R,R,1.0
R,R,1.0
R,R,1.0
R,R,1.0
R,R,1.0
R,R,1.0
R,R,1.0
R,R,1.0
R,R,1.0
R,R,1.0
R,R,1.0
R,R,1.0
R,R,1.0
R,R,1.0
R,R,1.0
R,R,1.0
R,R,1.0
R,R,1.0
R,R,1.0
R,K,1.0
R,R,1.0
R,R,1.0
R,R,1.0
R,R,1.0
R,R,1.0
R,R,1.0
R,R,1.0
R,R,1.0
R,R,1.0
R,R,1.0
R,R,1.0
R,R,1.0
R,R,1.0
R,R,1.0
R,R,1.0
R,R,1.0
R,R,1.0
R,R,1.0
R,R,1.0
R,R,1.0
R,R,1.0
R,R,1.0
R,R,1.0
R,R,1.0
R,R,1.0
R,R,1.0
R,R,1.0
R,R,1.0
R,R,1.0
R,R,1.0
R,R,1.0
R,R,1.0
R,R,1.0
R,R,1.0
R,R,1.0
R,R,1.0
R,R,1.0
R,R,1.0
R,R,1.0
R,R,1.0
R,R,1.0
R,R,1.0
R,R,1.0
R,R,1.0
R,R,1.0
R,R,1.0
R,R,1.0
R,R,1.0
R,R,1.0
R,R,1.0
R,R,1.0
R,R,1.0
R,R,1.0
S,S,1.0
S,S,1.0
S,S,1.0
S,S,1.0
S,S,1.0
S,S,1.0
S,S,1.0
S,S,1.0
S,E,1.0
S,S,1.0
S,S,1.0
S,S,1.0
S,S,1.0
S,E,1.0
S,M,1.0
S,S,1.0
S,S,1.0
S,S,1.0
S,S,1.0
S,S,1.0
S,S,1.0
S,S,1.0
S,S,1.0
S,S,1.0
S,S,1.0
S,S,1.0
S,S,1.0
S,S,1.0
S,S,1.0
S,S,1.0
S,S,1.0
S,S,1.0
S,E,1.0
S,E,0.99999976
S,S,1.0
S,E,1.0
S,S,1.0
S,S,1.0
S,S,1.0
S,E,0.9833044
S,S,1.0
S,S,1.0
S,S,1.0
S,S,1.0
S,S,1.0
S,E,1.0
S,E,1.0
S,S,1.0
S,S,1.0
S,S,1.0
S,S,1.0
S,S,1.0
S,S,1.0
S,S,1.0
S,S,1.0
S,S,1.0
S,S,1.0
S,S,1.0
S,S,1.0
S,S,1.0
S,S,1.0
S,S,1.0
S,S,1.0
S,S,1.0
S,S,1.0
S,S,1.0
S,S,1.0
S,S,1.0
S,M,1.0
S,S,1.0
S,S,1.0
S,S,1.0
S,S,1.0
S,S,1.0
S,S,1.0
S,S,1.0
S,S,1.0
S,S,1.0
S,S,1.0
S,S,1.0
S,E,1.0
S,S,1.0
S,S,1.0
S,S,1.0
S,S,1.0
S,S,1.0
S,S,1.0
S,S,1.0
S,S,1.0
S,S,1.0
S,S,1.0
S,S,1.0
S,S,1.0
S,S,1.0
S,S,1.0
S,S,1.0
S,S,1.0
S,S,1.0
S,S,1.0
S,S,1.0
S,E,1.0
S,S,1.0
S,S,1.0
S,S,1.0
S,S,1.0
S,E,1.0
S,S,1.0
S,S,0.99941933
S,S,1.0
S,S,1.0
S,S,1.0
S,S,1.0
S,E,1.0
S,S,1.0
S,S,1.0
S,S,1.0
S,S,1.0
S,S,1.0
S,S,1.0
S,S,1.0
S,S,1.0
S,S,1.0
S,S,1.0
S,S,1.0
S,S,1.0
S,S,1.0
S,E,1.0
S,S,1.0
S,S,1.0
S,S,1.0
S,S,1.0
S,S,1.0
S,E,1.0
S,E,1.0
S,S,0.99856156
S,S,1.0
S,S,1.0
S,S,1.0
S,S,1.0
S,S,1.0
S,S,1.0
S,E,1.0
S,S,1.0
S,S,1.0
S,S,1.0
S,E,1.0
S,S,1.0
S,S,1.0
S,E,1.0
S,S,1.0
S,S,1.0
S,S,1.0
S,S,1.0
S,S,1.0
S,E,0.96284056
S,S,1.0
S,S,1.0
S,S,1.0
S,S,1.0
S,S,1.0
S,S,1.0
S,S,1.0
S,S,1.0
S,S,1.0
S,S,1.0
S,S,1.0
S,S,1.0
S,S,1.0
S,S,1.0
S,S,1.0
S,S,1.0
S,E,1.0
S,S,1.0
S,S,1.0
S,S,1.0
S,S,1.0
S,S,1.0
S,S,1.0
S,S,1.0
S,S,1.0
S,S,1.0
S,S,1.0
S,S,1.0
S,S,1.0
S,S,0.9999969
S,E,1.0
S,S,1.0
S,S,1.0
S,S,1.0
S,S,1.0
S,S,1.0
S,S,1.0
S,S,1.0
S,S,1.0
S,S,1.0
S,S,0.9983695
S,S,1.0
S,S,1.0
S,S,1.0
S,S,1.0
S,S,1.0
S,E,1.0
S,M,0.9154127
S,S,1.0
S,S,1.0
S,S,1.0
S,S,1.0
S,S,1.0
S,S,1.0
S,S,1.0
S,S,1.0
S,S,1.0
S,S,1.0
S,S,1.0
S,S,1.0
S,S,1.0
S,S,1.0
S,M,1.0
S,E,0.541371
S,S,1.0
S,S,1.0
S,S,1.0
S,S,1.0
S,S,1.0
S,S,1.0
S,S,1.0
S,E,1.0
S,E,1.0
S,S,1.0
S,S,1.0
S,S,1.0
S,S,1.0
S,S,1.0
S,S,1.0
S,S,1.0
S,N,1.0
S,S,1.0
S,E,0.9999901
S,S,1.0
S,S,1.0
S,S,1.0
S,S,1.0
S,E,1.0
S,S,1.0
S,S,1.0
S,S,1.0
S,S,1.0
S,S,1.0
S,S,1.0
S,S,1.0
S,S,1.0
S,S,1.0
S,S,1.0
S,S,1.0
S,S,1.0
S,S,1.0
S,S,1.0
S,S,1.0
S,S,1.0
S,S,1.0
S,E,0.97307986
S,S,1.0
S,S,1.0
S,S,1.0
S,S,1.0
S,S,1.0
S,S,1.0
S,M,1.0
S,S,1.0
S,S,1.0
S,S,1.0
S,S,1.0
S,E,1.0
S,S,1.0
S,S,1.0
S,S,1.0
S,E,1.0
S,S,1.0
S,S,1.0
S,E,1.0
S,S,1.0
S,S,1.0
S,S,1.0
S,S,1.0
S,S,1.0
S,E,1.0
S,S,1.0
S,S,1.0
S,S,1.0
S,S,1.0
S,S,1.0
S,S,1.0
S,S,1.0
S,S,1.0
S,S,1.0
S,S,1.0
S,S,1.0
S,S,1.0
S,S,1.0
S,S,1.0
S,S,1.0
S,S,1.0
S,S,1.0
S,S,1.0
S,S,1.0
S,S,1.0
S,S,1.0
S,S,1.0
S,S,1.0
S,S,1.0
S,E,1.0
S,S,1.0
S,S,1.0
S,M,1.0
S,S,1.0
S,S,1.0
S,S,1.0
S,S,1.0
S,S,1.0
S,S,1.0
S,S,1.0
S,S,1.0
S,S,1.0
S,S,1.0
S,S,1.0
S,S,1.0
S,S,1.0
S,S,1.0
S,S,1.0
S,S,1.0
S,S,1.0
S,S,1.0
S,S,1.0
S,E,0.99989605
S,S,1.0
S,S,1.0
S,S,1.0
S,S,1.0
S,S,1.0
S,S,1.0
S,S,1.0
S,S,1.0
S,S,1.0
S,S,1.0
S,S,1.0
S,S,1.0
S,S,1.0
S,S,1.0
S,S,1.0
S,S,1.0
S,S,1.0
S,S,1.0
S,S,1.0
S,S,1.0
S,E,1.0
S,S,1.0
S,S,1.0
S,S,1.0
S,S,1.0
S,S,1.0
S,E,1.0
S,S,1.0
S,S,1.0
S,S,1.0
S,S,1.0
S,S,1.0
S,S,1.0
S,S,1.0
S,S,1.0
S,S,1.0
S,S,1.0
S,S,1.0
S,S,1.0
S,S,1.0
S,S,1.0
S,S,1.0
S,S,1.0
S,S,1.0
S,S,1.0
S,S,1.0
S,S,1.0
S,S,1.0
S,S,1.0
S,S,1.0
S,S,1.0
S,E,1.0
S,E,1.0
S,S,1.0
S,S,1.0
S,S,1.0
S,S,1.0
S,S,1.0
S,E,1.0
S,E,1.0
S,M,1.0
S,S,1.0
S,S,1.0
S,S,1.0
S,S,1.0
S,E,1.0
T,T,1.0
T,T,1.0
T,T,1.0
T,T,1.0
T,T,1.0
T,M,1.0
T,S,0.9999994
T,T,1.0
T,N,1.0
T,T,1.0
T,T,1.0
T,T,1.0
T,T,1.0
T,N,1.0
T,N,1.0
T,T,1.0
T,T,1.0
T,T,1.0
T,T,1.0
T,N,1.0
T,T,1.0
T,S,1.0
T,T,1.0
T,T,0.99987745
T,M,0.7334131
T,M,0.99861085
T,T,1.0
T,T,1.0
T,T,1.0
T,M,1.0
T,A,1.0
T,T,1.0
T,M,1.0
T,T,1.0
T,T,1.0
T,E,1.0
T,T,1.0
T,T,1.0
T,T,1.0
T,E,0.98211217
T,E,1.0
T,T,1.0
T,D,1.0
T,N,1.0
T,T,1.0
T,A,1.0
T,T,0.99107915
T,T,1.0
T,T,1.0
T,T,1.0
T,D,1.0
T,N,1.0
T,T,1.0
T,T,1.0
T,N,1.0
T,T,1.0
T,T,1.0
T,T,1.0
T,T,1.0
T,T,1.0
T,T,1.0
T,T,1.0
T,T,1.0
T,S,1.0
T,N,1.0
T,T,1.0
T,N,1.0
T,N,1.0
T,N,1.0
T,T,1.0
T,T,1.0
T,T,1.0
T,T,1.0
T,N,1.0
T,T,1.0
T,T,0.83180165
T,T,1.0
T,T,1.0
T,M,1.0
T,T,1.0
T,M,1.0
T,T,1.0
T,T,1.0
T,T,1.0
T,T,1.0
T,T,1.0
T,S,0.8639521
T,M,1.0
T,N,0.9999833
T,T,1.0
T,T,1.0
T,T,1.0
T,N,1.0
T,T,1.0
T,T,1.0
T,T,1.0
T,T,1.0
T,N,1.0
T,D,1.0
T,N,1.0
T,S,0.9369769
T,T,1.0
T,T,1.0
T,T,1.0
T,N,0.9999716
T,T,1.0
T,T,1.0
T,N,0.99999964
T,T,1.0
T,T,1.0
T,T,1.0
T,T,1.0
T,T,1.0
T,A,0.99808335
T,T,1.0
T,T,1.0
T,T,1.0
T,T,1.0
T,T,1.0
T,T,1.0
T,T,1.0
T,T,1.0
T,T,1.0
T,N,1.0
T,M,1.0
T,T,1.0
T,T,1.0
T,T,1.0
T,T,1.0
T,T,1.0
T,T,1.0
T,T,1.0
T,T,1.0
T,T,1.0
T,T,1.0
T,T,1.0
T,T,1.0
T,T,1.0
T,T,0.99994004
T,T,1.0
T,T,1.0
T,T,1.0
T,T,1.0
T,T,1.0
T,N,1.0
T,T,1.0
T,T,1.0
T,T,1.0
T,N,1.0
T,E,1.0
T,T,1.0
T,T,1.0
T,T,1.0
T,T,0.96190345
T,A,0.9999995
T,T,1.0
T,T,1.0
T,N,1.0
T,M,1.0
T,T,1.0
T,A,1.0
T,M,1.0
T,N,0.9999517
T,T,1.0
T,T,1.0
T,T,1.0
T,T,1.0
T,T,1.0
T,T,1.0
T,T,1.0
T,T,1.0
T,T,1.0
T,T,1.0
T,T,1.0
T,N,0.9999696
T,N,0.95629483
T,M,1.0
T,S,1.0
T,T,1.0
T,N,1.0
T,T,1.0
T,T,1.0
T,T,1.0
T,T,1.0
T,M,1.0
T,E,1.0
T,T,1.0
T,T,1.0
T,T,1.0
T,T,1.0
T,D,1.0
T,A,0.8650211
T,T,1.0
T,N,1.0
T,T,1.0
T,N,1.0
T,T,1.0
T,A,1.0
T,T,1.0
T,T,1.0
T,T,1.0
T,T,1.0
T,D,1.0
T,T,1.0
T,T,1.0
T,T,0.9999994
T,T,1.0
T,T,1.0
T,T,1.0
T,M,1.0
T,T,1.0
T,T,1.0
T,S,1.0
T,N,1.0
T,A,1.0
T,T,1.0
T,T,1.0
T,N,1.0
T,T,0.99978584
T,T,1.0
T,T,1.0
T,T,1.0
T,T,1.0
T,T,1.0
T,T,1.0
T,T,1.0
T,T,1.0
T,S,1.0
T,T,1.0
T,N,0.9999944
T,T,1.0
T,T,1.0
T,E,0.9999969
T,D,1.0
T,T,1.0
T,T,1.0
T,T,1.0
T,T,1.0
T,T,1.0
T,T,1.0
T,T,1.0
T,T,1.0
T,T,1.0
T,T,1.0
T,T,1.0
T,T,1.0
T,M,0.93352354
T,S,0.9986008
T,T,1.0
T,T,1.0
T,T,1.0
T,M,0.9941333
T,T,1.0
T,N,1.0
T,T,1.0
T,T,0.68911767
T,T,1.0
T,T,1.0
T,T,1.0
T,T,1.0
T,T,1.0
T,N,1.0
T,N,1.0
T,A,0.9999691
T,T,1.0
T,N,1.0
T,T,0.9999919
T,T,1.0
T,T,1.0
T,N,1.0
T,T,1.0
T,N,1.0
T,T,1.0
T,T,1.0
T,T,1.0
T,T,1.0
T,T,1.0
T,E,1.0
T,N,1.0
T,T,1.0
T,T,1.0
T,T,1.0
T,T,0.9235465
T,T,1.0
T,T,1.0
T,T,1.0
T,E,0.84870595
T,N,0.5365102
T,T,1.0
T,N,1.0
T,M,1.0
T,T,1.0
T,T,1.0
T,T,1.0
T,T,1.0
T,T,1.0
T,T,1.0
T,N,1.0
T,T,1.0
T,T,1.0
T,M,1.0
T,T,1.0
T,T,1.0
T,T,1.0
T,M,1.0
T,N,0.7302237
T,T,1.0
T,T,1.0
T,A,1.0
T,T,1.0
T,T,1.0
T,T,1.0
T,T,1.0
T,T,1.0
T,T,1.0
T,D,0.9868773
T,T,1.0
T,T,1.0
T,S,1.0
T,M,1.0
T,T,1.0
T,N,0.98383117
T,M,1.0
T,A,0.9720639
T,T,1.0
T,M,1.0
T,T,1.0
T,M,1.0
T,A,1.0
T,T,1.0
T,T,1.0
T,T,1.0
T,T,1.0
T,N,1.0
T,N,1.0
T,T,1.0
T,M,1.0
T,T,1.0
T,T,1.0
T,T,1.0
T,T,1.0
T,T,0.7947096
T,T,1.0
T,M,0.9992181
T,A,1.0
T,T,1.0
T,N,1.0
T,T,1.0
T,T,1.0
T,T,1.0
T,T,1.0
T,N,1.0
T,N,1.0
T,T,0.9999995
T,T,1.0
T,T,1.0
T,T,1.0
T,T,1.0
T,T,1.0
T,N,1.0
T,T,1.0
T,T,1.0
T,T,1.0
T,T,1.0
T,T,0.999992
T,T,1.0
T,T,1.0
T,N,1.0
T,T,1.0
T,E,1.0
T,T,1.0
T,T,0.99992955
T,T,1.0
T,T,1.0
T,T,1.0
T,T,1.0
T,N,1.0
T,T,1.0
T,T,1.0
T,T,1.0
T,T,1.0
T,T,1.0
T,T,1.0
T,T,1.0
T,T,1.0
T,A,0.99963343
T,N,1.0
T,T,1.0
T,T,1.0
T,D,1.0
T,T,1.0
T,T,1.0
T,N,1.0
T,A,1.0
T,N,1.0
T,T,1.0
T,T,1.0
T,T,1.0
T,N,1.0
T,N,0.5978904
U,U,1.0
U,N,0.9926399
U,R,1.0
U,U,1.0
U,R,1.0
U,R,1.0
U,R,1.0
U,U,1.0
U,U,1.0
U,R,1.0
U,U,1.0
U,R,1.0
U,U,1.0
U,U,1.0
U,R,1.0
U,U,1.0
U,U,1.0
U,R,0.9872127
U,R,1.0
U,R,1.0
U,U,1.0
U,U,1.0
U,R,1.0
U,R,1.0
U,U,1.0
U,R,1.0
U,R,1.0
U,R,1.0
U,R,1.0
U,R,1.0
U,R,0.9998198
U,U,1.0
U,U,1.0
U,U,1.0
U,U,0.9987482
U,R,1.0
U,R,1.0
U,U,1.0
U,N,1.0
U,U,1.0
U,U,1.0
U,U,1.0
U,R,1.0
U,U,1.0
U,U,1.0
U,R,1.0
U,U,1.0
U,U,0.89919615
U,R,1.0
U,U,1.0
U,R,1.0
U,U,1.0
U,K,0.9757514
U,U,1.0
U,U,1.0
U,U,1.0
U,U,1.0
U,U,1.0
U,R,1.0
U,R,1.0
U,K,0.9999801
U,R,1.0
U,R,1.0
U,R,1.0
U,R,1.0
U,R,1.0
U,U,1.0
U,U,1.0
U,R,1.0
U,R,1.0
U,R,1.0
U,R,1.0
U,R,1.0
U,U,1.0
U,D,0.99999917
U,R,1.0
U,U,1.0
U,R,1.0
U,R,1.0
U,U,1.0
U,U,1.0
U,U,1.0
U,R,1.0
U,U,1.0
U,R,1.0
U,U,1.0
U,U,1.0
U,V,0.9999995
U,U,1.0
U,U,1.0
U,R,1.0
U,K,1.0
U,U,1.0
U,U,1.0
U,U,1.0
U,U,1.0
U,R,1.0
U,U,1.0
U,U,1.0
U,R,1.0
U,U,0.8470093
U,U,1.0
U,R,1.0
U,U,1.0
U,U,1.0
U,R,1.0
U,R,1.0
U,R,1.0
U,R,1.0
U,U,0.9999981
U,R,1.0
U,R,1.0
U,R,1.0
U,U,1.0
U,D,1.0
U,U,1.0
U,K,1.0
U,U,1.0
U,U,1.0
U,R,1.0
U,U,1.0
U,R,1.0
U,R,1.0
U,R,1.0
U,U,1.0
U,U,1.0
U,U,1.0
U,K,0.8777602
U,R,1.0
U,U,1.0
U,R,1.0
U,U,1.0
U,D,1.0
U,R,1.0
U,R,1.0
U,U,1.0
U,R,1.0
U,R,1.0
U,R,1.0
U,R,1.0
U,R,1.0
U,R,1.0
U,R,1.0
U,U,1.0
U,U,1.0
U,R,1.0
U,R,1.0
U,R,1.0
U,R,1.0
U,U,1.0
U,R,1.0
U,U,1.0
U,U,1.0
U,R,1.0
U,R,1.0
U,U,1.0
U,U,1.0
U,R,1.0
U,R,1.0
U,R,1.0
U,U,1.0
U,U,0.99999905
U,R,1.0
U,K,1.0
U,R,1.0
U,U,1.0
U,R,1.0
U,U,1.0
U,R,1.0
U,U,1.0
U,U,1.0
U,R,1.0
U,U,1.0
U,U,1.0
U,R,1.0
U,R,1.0
U,R,1.0
U,R,1.0
U,R,1.0
U,U,0.9999995
U,U,1.0
U,R,1.0
U,U,1.0
U,R,1.0
U,U,1.0
U,R,1.0
U,R,1.0
U,U,1.0
U,R,1.0
U,R,1.0
U,R,1.0
U,U,1.0
U,R,1.0
U,R,1.0
U,R,1.0
U,R,1.0
U,U,0.99997425
U,R,1.0
U,R,1.0
U,R,1.0
U,R,1.0
U,R,1.0
U,U,1.0
U,U,0.57042855
U,V,1.0
U,R,1.0
U,U,1.0
U,K,1.0
U,R,1.0
U,R,1.0
U,U,1.0
U,U,1.0
U,R,1.0
U,U,1.0
U,K,0.98183835
U,U,1.0
U,U,1.0
U,R,1.0
U,U,1.0
U,R,1.0
U,R,1.0
U,R,1.0
U,U,1.0
U,R,0.9999999
U,R,0.99690515
U,U,1.0
U,U,1.0
U,R,1.0
U,R,1.0
U,U,1.0
U,U,1.0
U,U,1.0
U,R,1.0
U,U,1.0
U,U,1.0
U,D,1.0
U,U,0.9999999
U,R,1.0
U,R,1.0
U,U,1.0
U,D,1.0
U,U,1.0
U,U,1.0
U,U,0.948935
U,R,1.0
U,R,1.0
U,R,1.0
U,U,1.0
U,R,1.0
U,K,1.0
U,R,1.0
U,R,1.0
U,U,1.0
U,U,1.0
U,R,1.0
U,R,1.0
U,R,1.0
U,R,1.0
U,U,1.0
U,R,1.0
U,U,0.99999917
U,U,1.0
U,R,1.0
U,U,1.0
U,R,1.0
U,U,1.0
U,U,1.0
U,U,1.0
U,R,1.0
U,U,1.0
U,U,1.0
U,R,1.0
U,R,1.0
U,U,1.0
U,R,1.0
U,U,1.0
U,R,1.0
U,R,1.0
U,U,0.99866736
U,R,1.0
U,U,1.0
U,U,1.0
U,U,1.0
U,U,1.0
U,R,1.0
U,D,1.0
U,R,1.0
U,R,0.9999988
U,U,1.0
U,R,1.0
U,R,1.0
U,R,1.0
U,R,1.0
U,R,1.0
U,U,1.0
U,R,1.0
U,R,0.90452546
U,U,1.0
U,U,1.0
U,U,1.0
U,U,1.0
U,R,1.0
U,R,1.0
U,R,1.0
U,R,1.0
U,R,1.0
U,R,1.0
U,K,1.0
U,R,1.0
U,U,1.0
U,U,1.0
U,U,1.0
U,R,1.0
U,U,1.0
U,U,1.0
U,R,1.0
U,K,0.9968664
U,R,1.0
U,U,0.9983625
U,U,1.0
U,V,1.0
U,R,1.0
U,R,1.0
U,R,1.0
U,R,1.0
U,R,1.0
U,U,0.5417195
U,R,0.99999964
U,R,1.0
U,U,0.8656363
U,R,1.0
U,R,1.0
U,U,1.0
U,K,0.99999547
U,R,1.0
U,U,1.0
U,R,1.0
U,U,1.0
U,R,1.0
U,R,1.0
U,U,1.0
U,U,0.99999964
U,R,1.0
U,R,1.0
U,R,1.0
U,R,1.0
U,U,1.0
U,U,1.0
U,U,1.0
U,U,1.0
U,R,1.0
U,U,1.0
U,R,1.0
U,U,1.0
U,U,1.0
U,U,1.0
U,U,0.99992144
U,U,1.0
U,R,0.8674258
U,R,1.0
U,R,1.0
U,R,1.0
U,U,1.0
U,R,1.0
U,R,1.0
U,U,1.0
U,U,1.0
U,U,1.0
U,R,1.0
U,U,1.0
U,R,1.0
U,R,1.0
U,R,1.0
U,U,1.0
U,U,1.0
U,R,1.0
U,U,1.0
U,R,1.0
U,U,1.0
U,R,1.0
U,U,1.0
U,D,0.9009745
U,D,0.59896475
U,R,1.0
U,U,1.0
U,R,1.0
U,U,1.0
U,R,1.0
U,R,1.0
U,R,1.0
U,U,1.0
U,R,1.0
U,R,1.0
U,U,1.0
U,R,1.0
U,R,1.0
U,R,1.0
U,U,1.0
U,R,1.0
U,R,1.0
V,V,1.0
V,V,1.0
V,V,1.0
V,V,1.0
V,V,1.0
V,V,1.0
V,K,1.0
V,V,1.0
V,V,1.0
V,V,1.0
V,V,1.0
V,V,1.0
V,V,1.0
V,V,1.0
V,V,1.0
V,V,1.0
V,V,1.0
V,K,1.0
V,V,1.0
V,V,1.0
V,V,1.0
V,V,1.0
V,V,1.0
V,V,1.0
V,V,1.0
V,V,1.0
V,V,1.0
V,V,1.0
V,K,1.0
V,V,1.0
V,V,1.0
V,K,1.0
V,V,1.0
V,V,1.0
V,K,1.0
V,V,1.0
V,V,1.0
V,V,1.0
V,V,1.0
V,K,1.0
V,V,1.0
V,V,1.0
V,K,1.0
V,K,1.0
V,V,1.0
V,V,0.99999964
V,V,1.0
V,V,1.0
V,K,1.0
V,V,1.0
V,V,1.0
V,K,1.0
V,V,1.0
V,W,1.0
V,V,1.0
V,V,0.9999999
V,V,1.0
V,V,1.0
V,V,1.0
V,R,1.0
V,V,1.0
V,V,1.0
V,V,1.0
V,V,1.0
V,W,0.9999989
V,V,1.0
V,V,1.0
V,V,1.0
V,K,0.99999976
V,V,1.0
V,V,1.0
V,K,1.0
V,V,1.0
V,V,1.0
V,V,1.0
V,K,1.0
V,V,1.0
V,V,1.0
V,K,0.8349753
V,V,1.0
V,V,1.0
V,K,1.0
V,V,1.0
V,V,1.0
V,V,1.0
V,V,1.0
V,V,1.0
V,K,1.0
V,V,1.0
V,V,1.0
V,V,1.0
V,V,1.0
V,K,0.99909914
V,V,1.0
V,V,1.0
V,V,1.0
V,V,1.0
V,V,1.0
V,V,1.0
V,V,1.0
V,V,1.0
V,K,1.0
V,V,1.0
V,V,1.0
V,V,0.99999166
V,K,1.0
V,V,1.0
V,V,1.0
V,V,1.0
V,V,1.0
V,K,1.0
V,V,1.0
V,V,1.0
V,V,1.0
V,V,0.99173415
V,V,1.0
V,V,1.0
V,V,0.99960285
V,K,1.0
V,V,1.0
V,V,1.0
V,V,1.0
V,V,0.99984443
V,V,1.0
V,V,1.0
V,V,1.0
V,V,1.0
V,V,1.0
V,V,1.0
V,V,1.0
V,V,1.0
V,V,1.0
V,V,1.0
V,V,1.0
V,V,1.0
V,V,1.0
V,V,1.0
V,V,1.0
V,V,1.0
V,V,1.0
V,V,1.0
V,K,1.0
V,V,1.0
V,V,1.0
V,V,1.0
V,V,1.0
V,K,0.9993647
V,V,1.0
V,K,0.8701566
V,K,1.0
V,V,1.0
V,V,1.0
V,K,1.0
V,V,1.0
V,V,1.0
V,V,1.0
V,V,1.0
V,V,1.0
V,K,1.0
V,V,0.99999964
V,V,1.0
V,V,1.0
V,V,1.0
V,V,0.9999993
V,V,1.0
V,V,1.0
V,V,1.0
V,V,1.0
V,V,0.7196423
V,K,1.0
V,K,1.0
V,V,1.0
V,V,1.0
V,V,1.0
V,K,1.0
V,V,1.0
V,V,0.9896513
V,V,1.0
V,V,1.0
V,V,1.0
V,V,1.0
V,V,1.0
V,V,1.0
V,V,1.0
V,V,0.9997714
V,V,1.0
V,V,1.0
V,V,1.0
V,V,1.0
V,V,1.0
V,K,1.0
V,K,1.0
V,V,1.0
V,K,1.0
V,K,0.9998462
V,V,1.0
V,V,1.0
V,V,1.0
V,K,1.0
V,V,1.0
V,V,1.0
V,V,1.0
V,K,1.0
V,V,1.0
V,K,1.0
V,K,1.0
V,V,1.0
V,K,1.0
V,V,1.0
V,K,1.0
V,V,1.0
V,V,1.0
V,V,1.0
V,K,1.0
V,V,1.0
V,V,1.0
V,V,1.0
V,V,1.0
V,V,0.97740585
V,K,0.9413415
V,V,1.0
V,W,1.0
V,V,1.0
V,V,1.0
V,V,1.0
V,V,1.0
V,V,0.99996233
V,V,0.9999995
V,V,1.0
V,K,1.0
V,V,1.0
V,K,1.0
V,V,1.0
V,V,1.0
V,V,1.0
V,K,0.9999807
V,K,0.9995665
V,V,1.0
V,V,1.0
V,K,1.0
V,K,1.0
V,V,1.0
V,K,1.0
V,V,1.0
V,V,1.0
V,W,1.0
V,V,1.0
V,V,1.0
V,V,0.9857713
V,V,1.0
V,V,1.0
V,K,0.98248005
V,K,1.0
V,V,1.0
V,V,1.0
V,V,0.99975556
V,K,1.0
V,K,1.0
V,V,1.0
V,V,1.0
V,V,0.9998741
V,V,1.0
V,K,0.9999933
V,V,1.0
V,V,1.0
V,V,1.0
V,V,1.0
V,R,1.0
V,W,1.0
V,K,0.99998856
V,V,1.0
V,V,1.0
V,K,1.0
V,V,1.0
V,V,1.0
V,V,1.0
V,V,1.0
V,K,1.0
V,V,1.0
V,V,1.0
V,V,1.0
V,V,1.0
V,V,1.0
V,V,1.0
V,K,1.0
V,V,1.0
V,K,1.0
V,V,1.0
V,K,1.0
V,W,1.0
V,K,1.0
V,V,1.0
V,V,1.0
V,V,1.0
V,K,1.0
V,V,1.0
V,V,0.99999905
V,V,1.0
V,V,1.0
V,V,0.9999845
V,K,1.0
V,V,1.0
V,V,1.0
V,V,1.0
V,V,1.0
V,V,1.0
V,W,1.0
V,V,1.0
V,K,1.0
V,K,1.0
V,K,1.0
V,V,1.0
V,V,1.0
V,V,1.0
V,V,1.0
V,K,0.99910057
V,V,1.0
V,W,0.99973863
V,V,1.0
V,V,1.0
V,V,1.0
V,V,1.0
V,K,0.9999995
V,K,1.0
V,K,1.0
V,K,1.0
V,V,1.0
V,K,1.0
V,V,1.0
V,V,1.0
V,V,0.9989236
V,V,1.0
V,V,1.0
V,V,1.0
V,V,1.0
V,V,1.0
V,K,1.0
V,K,1.0
V,V,1.0
V,V,1.0
V,V,1.0
V,W,1.0
V,V,1.0
V,V,1.0
V,K,1.0
V,V,1.0
V,V,1.0
V,V,1.0
V,V,1.0
V,K,0.92449623
V,K,0.9999844
V,V,1.0
V,V,1.0
V,V,1.0
V,K,1.0
V,K,1.0
V,V,1.0
V,V,1.0
V,V,1.0
V,V,1.0
V,K,0.99680686
V,V,1.0
V,V,1.0
V,K,1.0
V,V,1.0
V,V,1.0
V,K,0.8860481
V,V,1.0
V,V,1.0
V,K,1.0
V,V,1.0
V,V,1.0
V,V,1.0
V,V,1.0
V,K,0.99999976
V,W,1.0
V,K,0.9994804
V,V,1.0
V,K,0.9711565
V,V,1.0
V,V,1.0
V,V,1.0
V,V,1.0
V,V,1.0
V,V,1.0
V,V,1.0
V,V,1.0
V,V,1.0
V,V,1.0
V,V,1.0
V,K,1.0
V,V,1.0
V,V,1.0
V,V,1.0
V,K,1.0
V,V,1.0
V,K,1.0
V,V,1.0
V,K,0.9909174
V,K,1.0
W,W,1.0
W,W,1.0
W,W,1.0
W,V,1.0
W,V,1.0
W,W,1.0
W,W,1.0
W,W,1.0
W,K,1.0
W,W,1.0
W,W,1.0
W,W,1.0
W,V,1.0
W,W,1.0
W,W,0.9999975
W,V,1.0
W,W,1.0
W,W,1.0
W,W,1.0
W,K,1.0
W,W,1.0
W,W,1.0
W,W,1.0
W,W,1.0
W,W,1.0
W,W,1.0
W,V,1.0
W,W,1.0
W,W,1.0
W,W,1.0
W,W,1.0
W,W,1.0
W,W,1.0
W,V,0.9998203
W,W,1.0
W,K,1.0
W,W,1.0
W,V,1.0
W,K,1.0
W,V,0.9875919
W,W,1.0
W,W,1.0
W,W,0.9999844
W,W,1.0
W,W,1.0
W,W,1.0
W,W,1.0
W,W,1.0
W,W,1.0
W,W,1.0
W,W,1.0
W,W,1.0
W,K,1.0
W,V,1.0
W,K,1.0
W,W,1.0
W,W,1.0
W,W,1.0
W,W,1.0
W,W,1.0
W,W,1.0
W,W,1.0
W,W,1.0
W,W,1.0
W,W,1.0
W,K,0.99999905
W,K,1.0
W,W,1.0
W,W,1.0
W,K,0.9999988
W,W,1.0
W,W,1.0
W,W,1.0
W,W,1.0
W,V,0.97075975
W,W,1.0
W,W,1.0
W,W,1.0
W,W,1.0
W,W,1.0
W,K,0.9999993
W,V,0.9323514
W,W,1.0
W,K,1.0
W,W,1.0
W,W,1.0
W,W,1.0
W,W,1.0
W,V,1.0
W,W,1.0
W,K,1.0
W,W,1.0
W,V,1.0
W,V,1.0
W,W,1.0
W,W,1.0
W,W,1.0
W,K,1.0
W,W,1.0
W,W,1.0
W,W,1.0
W,W,1.0
W,W,1.0
W,V,1.0
W,V,1.0
W,W,1.0
W,W,1.0
W,K,0.9999924
W,W,1.0
W,W,1.0
W,V,1.0
W,V,0.9989863
W,W,1.0
W,W,1.0
W,W,1.0
W,W,1.0
W,K,1.0
W,W,1.0
W,W,1.0
W,W,1.0
W,W,1.0
W,W,1.0
W,K,1.0
W,W,1.0
W,W,1.0
W,W,1.0
W,W,1.0
W,W,1.0
W,W,1.0
W,W,1.0
W,W,1.0
W,W,1.0
W,W,1.0
W,W,1.0
W,W,1.0
W,R,1.0
W,W,1.0
W,W,1.0
W,W,1.0
W,W,1.0
W,W,1.0
W,V,1.0
W,W,1.0
W,W,1.0
W,K,1.0
W,W,1.0
W,W,1.0
W,W,1.0
W,V,0.9985897
W,W,1.0
W,W,1.0
W,W,1.0
W,V,1.0
W,V,1.0
W,W,0.952308
W,W,1.0
W,W,1.0
W,W,1.0
W,W,1.0
W,W,1.0
W,W,1.0
W,W,1.0
W,W,1.0
W,V,1.0
W,W,1.0
W,K,1.0
W,W,1.0
W,W,1.0
W,R,0.55938786
W,W,1.0
W,W,1.0
W,W,1.0
W,W,1.0
W,W,1.0
W,V,1.0
W,W,1.0
W,W,1.0
W,K,1.0
W,W,1.0
W,V,0.9999999
W,W,1.0
W,W,1.0
W,W,1.0
W,V,1.0
W,W,1.0
W,W,1.0
W,W,1.0
W,W,1.0
W,W,1.0
W,V,1.0
W,V,1.0
W,V,0.9999912
W,W,1.0
W,W,0.9996779
W,W,1.0
W,W,1.0
W,K,0.9999993
W,W,1.0
W,W,1.0
W,W,1.0
W,W,1.0
W,W,1.0
W,W,1.0
W,W,1.0
W,W,1.0
W,V,1.0
W,W,1.0
W,V,0.5942643
W,W,1.0
W,K,1.0
W,W,1.0
W,W,1.0
W,W,1.0
W,W,1.0
W,W,1.0
W,W,1.0
W,W,1.0
W,W,1.0
W,V,1.0
W,W,1.0
W,W,1.0
W,W,1.0
W,W,1.0
W,W,1.0
W,W,1.0
W,W,1.0
W,W,1.0
W,W,1.0
W,W,1.0
W,V,1.0
W,W,1.0
W,W,1.0
W,W,1.0
W,W,1.0
W,W,1.0
W,V,0.988906
W,V,0.9999976
W,W,1.0
W,V,1.0
W,W,1.0
W,W,1.0
W,W,1.0
W,W,1.0
W,W,1.0
W,V,1.0
W,W,1.0
W,W,1.0
W,W,1.0
W,W,1.0
W,W,1.0
W,V,1.0
W,V,1.0
W,W,1.0
W,W,1.0
W,W,1.0
W,W,1.0
W,W,1.0
W,W,1.0
W,W,1.0
W,W,1.0
W,W,1.0
W,W,0.57652706
W,V,0.99998665
W,W,0.9999999
W,W,1.0
W,V,1.0
W,K,1.0
W,W,1.0
W,W,1.0
W,W,1.0
W,V,1.0
W,K,0.951849
W,W,1.0
W,V,0.5593803
W,W,1.0
W,W,1.0
W,W,1.0
W,W,1.0
W,W,1.0
W,R,0.9999994
W,W,1.0
W,V,0.9999987
W,V,0.9988293
W,W,1.0
W,W,1.0
W,W,1.0
W,W,1.0
W,W,1.0
W,V,1.0
W,W,1.0
W,K,1.0
W,W,1.0
W,W,1.0
W,W,1.0
W,W,1.0
W,W,1.0
W,W,1.0
W,W,1.0
W,W,1.0
W,W,1.0
W,W,1.0
W,W,1.0
W,W,1.0
W,W,1.0
W,W,1.0
W,W,1.0
W,V,1.0
W,W,1.0
W,W,1.0
W,K,1.0
W,W,1.0
W,W,1.0
W,V,1.0
W,V,1.0
W,W,1.0
W,W,1.0
W,W,1.0
W,W,1.0
W,W,1.0
W,K,1.0
W,W,1.0
W,W,1.0
W,W,1.0
W,V,0.88499784
W,W,1.0
W,W,1.0
W,W,1.0
W,W,1.0
W,W,1.0
W,W,1.0
W,W,1.0
W,W,1.0
W,V,1.0
W,W,1.0
W,W,1.0
W,W,1.0
W,W,1.0
W,W,1.0
W,W,1.0
W,W,1.0
W,W,1.0
W,V,1.0
W,W,1.0
W,W,1.0
W,W,1.0
W,W,1.0
W,K,1.0
W,W,1.0
W,W,1.0
W,W,1.0
W,W,1.0
W,W,1.0
W,W,1.0
W,W,1.0
W,W,1.0
W,W,1.0
W,W,1.0
W,W,1.0
W,W,1.0
W,V,1.0
W,W,1.0
W,W,1.0
W,W,1.0
W,W,1.0
W,K,1.0
W,W,1.0
W,W,1.0
W,W,1.0
W,V,1.0
W,V,0.99999964
W,W,1.0
W,V,1.0
W,W,1.0
W,W,1.0
W,W,1.0
W,W,1.0
W,V,1.0
W,W,1.0
W,W,1.0
W,V,1.0
W,W,1.0
W,W,1.0
W,W,1.0
W,W,1.0
W,W,1.0
W,W,1.0
W,W,1.0
W,W,1.0
W,W,1.0
W,W,1.0
W,V,1.0
W,W,1.0
W,W,1.0
W,W,1.0
W,W,1.0
W,V,1.0
W,W,1.0
W,W,1.0
W,W,1.0
W,W,1.0
X,X,1.0
X,X,1.0
X,X,1.0
X,E,1.0
X,X,1.0
X,X,1.0
X,X,1.0
X,X,1.0
X,X,1.0
X,X,1.0
X,X,1.0
X,X,1.0
X,X,1.0
X,X,1.0
X,X,1.0
X,X,1.0
X,X,1.0
X,X,1.0
X,X,1.0
X,X,1.0
X,X,1.0
X,X,1.0
X,X,1.0
X,X,1.0
X,X,1.0
X,X,1.0
X,X,1.0
X,X,1.0
X,X,1.0
X,X,1.0
X,X,1.0
X,X,1.0
X,X,1.0
X,X,1.0
X,X,1.0
X,X,1.0
X,X,1.0
X,X,1.0
X,X,1.0
X,X,1.0
X,X,1.0
X,X,1.0
X,X,1.0
X,R,1.0
X,X,1.0
X,X,1.0
X,X,1.0
X,X,1.0
X,X,1.0
X,X,1.0
X,X,1.0
X,X,1.0
X,X,1.0
X,X,1.0
X,X,1.0
X,X,1.0
X,X,1.0
X,X,1.0
X,X,1.0
X,X,1.0
X,X,1.0
X,X,1.0
X,X,1.0
X,X,1.0
X,X,1.0
X,X,1.0
X,X,1.0
X,X,1.0
X,X,1.0
X,X,1.0
X,X,1.0
X,X,1.0
X,X,1.0
X,X,1.0
X,X,1.0
X,N,0.99999917
X,X,1.0
X,X,1.0
X,X,1.0
X,X,1.0
X,X,1.0
X,X,1.0
X,X,1.0
X,X,1.0
X,X,1.0
X,X,1.0
X,X,1.0
X,X,1.0
X,E,1.0
X,X,1.0
X,X,1.0
X,X,1.0
X,X,1.0
X,E,1.0
X,X,1.0
X,X,1.0
X,X,1.0
X,X,1.0
X,X,1.0
X,X,1.0
X,X,1.0
X,X,1.0
X,X,1.0
X,X,1.0
X,X,1.0
X,X,1.0
X,X,1.0
X,X,1.0
X,X,1.0
X,X,1.0
X,X,1.0
X,X,1.0
X,N,1.0
X,X,1.0
X,X,1.0
X,X,1.0
X,X,1.0
X,X,1.0
X,X,1.0
X,X,1.0
X,X,1.0
X,X,1.0
X,N,1.0
X,X,1.0
X,X,1.0
X,X,1.0
X,R,1.0
X,X,1.0
X,X,1.0
X,X,1.0
X,X,1.0
X,X,1.0
X,X,1.0
X,X,1.0
X,X,1.0
X,X,1.0
X,X,1.0
X,X,1.0
X,X,1.0
X,X,1.0
X,X,1.0
X,R,1.0
X,X,1.0
X,X,1.0
X,X,1.0
X,X,1.0
X,X,1.0
X,X,1.0
X,X,1.0
X,X,1.0
X,X,1.0
X,X,1.0
X,X,1.0
X,X,1.0
X,N,1.0
X,R,1.0
X,X,1.0
X,X,1.0
X,E,0.9999474
X,X,1.0
X,X,1.0
X,X,1.0
X,X,1.0
X,X,1.0
X,X,1.0
X,X,1.0
X,X,1.0
X,X,1.0
X,X,1.0
X,X,1.0
X,X,1.0
X,X,1.0
X,X,1.0
X,X,1.0
X,X,1.0
X,X,1.0
X,X,1.0
X,X,1.0
X,X,1.0
X,X,1.0
X,X,1.0
X,N,1.0
X,X,1.0
X,X,1.0
X,X,1.0
X,X,1.0
X,X,1.0
X,X,1.0
X,X,1.0
X,X,1.0
X,X,1.0
X,X,1.0
X,X,1.0
X,X,1.0
X,X,1.0
X,X,1.0
X,X,1.0
X,X,1.0
X,H,1.0
X,X,1.0
X,X,1.0
X,X,1.0
X,N,1.0
X,X,1.0
X,N,1.0
X,X,1.0
X,X,1.0
X,X,1.0
X,X,1.0
X,N,1.0
X,X,1.0
X,X,1.0
X,X,1.0
X,N,1.0
X,X,1.0
X,X,1.0
X,X,1.0
X,X,1.0
X,X,1.0
X,X,1.0
X,X,1.0
X,X,1.0
X,R,1.0
X,X,1.0
X,X,1.0
X,X,1.0
X,X,1.0
X,X,1.0
X,X,1.0
X,X,1.0
X,X,1.0
X,X,1.0
X,X,1.0
X,X,1.0
X,X,1.0
X,X,1.0
X,X,1.0
X,X,1.0
X,X,1.0
X,X,1.0
X,X,1.0
X,X,1.0
X,X,1.0
X,X,1.0
X,X,1.0
X,X,1.0
X,X,1.0
X,X,1.0
X,X,1.0
X,X,1.0
X,X,1.0
X,R,1.0
X,X,1.0
X,X,1.0
X,X,1.0
X,X,1.0
X,X,1.0
X,X,1.0
X,X,1.0
X,X,1.0
X,X,1.0
X,X,1.0
X,N,1.0
X,X,1.0
X,N,0.9934141
X,X,1.0
X,X,1.0
X,X,1.0
X,N,0.9997385
X,N,1.0
X,X,1.0
X,X,1.0
X,X,1.0
X,X,1.0
X,X,1.0
X,X,1.0
X,X,0.999969
X,X,1.0
X,X,1.0
X,X,1.0
X,X,1.0
X,X,1.0
X,X,1.0
X,X,1.0
X,X,1.0
X,X,1.0
X,X,1.0
X,X,1.0
X,X,0.9901788
X,X,1.0
X,C,1.0
X,X,1.0
X,X,1.0
X,X,1.0
X,R,0.9997907
X,N,1.0
X,X,1.0
X,X,1.0
X,X,1.0
X,X,1.0
X,X,0.9998704
X,X,1.0
X,X,1.0
X,X,1.0
X,X,1.0
X,N,1.0
X,X,1.0
X,X,1.0
X,X,1.0
X,X,1.0
X,X,1.0
X,X,1.0
X,X,1.0
X,X,1.0
X,X,1.0
X,R,0.99999964
X,X,1.0
X,X,1.0
X,X,1.0
X,X,1.0
X,N,1.0
X,X,1.0
X,X,1.0
X,N,1.0
X,R,1.0
X,X,1.0
X,X,1.0
X,X,1.0
X,X,1.0
X,X,1.0
X,X,1.0
X,R,1.0
X,X,1.0
X,X,1.0
X,X,1.0
X,X,1.0
X,X,1.0
X,R,1.0
X,X,1.0
X,X,1.0
X,X,1.0
X,N,1.0
X,X,1.0
X,X,1.0
X,X,1.0
X,X,1.0
X,X,0.7123604
X,X,1.0
X,X,1.0
X,X,1.0
X,N,1.0
X,X,1.0
X,X,1.0
X,X,1.0
X,R,1.0
X,X,1.0
X,X,1.0
X,X,1.0
X,X,1.0
X,X,1.0
X,X,1.0
X,X,1.0
X,P,0.7909691
X,N,0.95922846
X,X,1.0
X,X,1.0
X,X,1.0
X,X,1.0
X,X,1.0
X,X,1.0
X,X,1.0
X,X,1.0
X,X,1.0
X,X,1.0
X,X,1.0
X,X,1.0
X,X,1.0
X,X,1.0
X,X,1.0
X,X,1.0
X,X,1.0
X,X,1.0
X,X,1.0
X,X,1.0
X,X,1.0
X,X,1.0
X,X,1.0
X,X,1.0
X,X,1.0
X,X,1.0
X,X,1.0
X,X,1.0
X,X,1.0
X,X,1.0
X,X,1.0
X,X,1.0
X,X,1.0
X,X,1.0
X,X,1.0
X,N,1.0
Y,Y,1.0
Y,Y,1.0
Y,Y,1.0
Y,Y,1.0
Y,Y,1.0
Y,Y,1.0
Y,Y,1.0
Y,Y,1.0
Y,I,1.0
Y,Y,1.0
Y,Y,1.0
Y,Y,1.0
Y,Y,1.0
Y,Y,1.0
Y,Y,1.0
Y,Y,1.0
Y,Y,1.0
Y,I,1.0
Y,Y,1.0
Y,Y,1.0
Y,Y,1.0
Y,Y,1.0
Y,Y,1.0
Y,Y,1.0
Y,Y,1.0
Y,Y,1.0
Y,Y,1.0
Y,Y,1.0
Y,Y,1.0
Y,Y,1.0
Y,Y,1.0
Y,Y,1.0
Y,P,0.9999999
Y,Y,1.0
Y,Y,1.0
Y,I,1.0
Y,Y,1.0
Y,Y,1.0
Y,Y,1.0
Y,Y,1.0
Y,Y,1.0
Y,Y,1.0
Y,Y,1.0
Y,Y,1.0
Y,Y,1.0
Y,Y,1.0
Y,Y,1.0
Y,Y,1.0
Y,I,1.0
Y,Y,1.0
Y,Y,1.0
Y,Y,1.0
Y,Y,1.0
Y,Y,1.0
Y,Y,1.0
Y,Y,1.0
Y,Y,1.0
Y,Y,1.0
Y,A,0.9997409
Y,Y,1.0
Y,Y,1.0
Y,Y,1.0
Y,Y,1.0
Y,Y,1.0
Y,Y,1.0
Y,Y,1.0
Y,Y,1.0
Y,Y,1.0
Y,Y,1.0
Y,P,1.0
Y,Y,1.0
Y,Y,1.0
Y,Y,1.0
Y,Y,1.0
Y,Y,1.0
Y,Y,1.0
Y,Y,1.0
Y,Y,1.0
Y,Y,1.0
Y,Y,1.0
Y,Y,1.0
Y,Y,1.0
Y,Y,1.0
Y,Y,1.0
Y,Y,1.0
Y,Y,1.0
Y,Y,1.0
Y,I,1.0
Y,Y,1.0
Y,Y,1.0
Y,Y,1.0
Y,Y,1.0
Y,Y,1.0
Y,Y,0.99990034
Y,Y,1.0
Y,Y,1.0
Y,Y,1.0
Y,Y,1.0
Y,Y,1.0
Y,Y,1.0
Y,Y,1.0
Y,Y,1.0
Y,Y,1.0
Y,Y,1.0
Y,Y,1.0
Y,Y,1.0
Y,Y,1.0
Y,Y,1.0
Y,Y,1.0
Y,Y,1.0
Y,Y,1.0
Y,A,1.0
Y,Y,1.0
Y,Y,1.0
Y,Y,1.0
Y,Y,1.0
Y,Y,1.0
Y,Y,1.0
Y,Y,1.0
Y,Y,1.0
Y,Y,1.0
Y,Y,1.0
Y,Y,1.0
Y,Y,1.0
Y,T,1.0
Y,Y,1.0
Y,Y,0.99994063
Y,Y,1.0
Y,Y,1.0
Y,Y,1.0
Y,Y,1.0
Y,Y,1.0
Y,Y,1.0
Y,Y,1.0
Y,Y,1.0
Y,Y,1.0
Y,Y,1.0
Y,Y,1.0
Y,Y,1.0
Y,Y,1.0
Y,Y,1.0
Y,Y,1.0
Y,Y,1.0
Y,Y,1.0
Y,Y,1.0
Y,Y,1.0
Y,Y,1.0
Y,Y,1.0
Y,Y,1.0
Y,Y,1.0
Y,Y,1.0
Y,Y,1.0
Y,Y,1.0
Y,Y,1.0
Y,Y,1.0
Y,Y,1.0
Y,P,1.0
Y,Y,1.0
Y,Y,1.0
Y,Y,1.0
Y,Y,1.0
Y,Y,1.0
Y,A,1.0
Y,Y,1.0
Y,Y,1.0
Y,Y,1.0
Y,Y,1.0
Y,Y,1.0
Y,A,1.0
Y,Y,1.0
Y,Y,1.0
Y,Y,1.0
Y,Y,1.0
Y,Y,1.0
Y,Y,1.0
Y,Y,1.0
Y,Y,1.0
Y,Y,1.0
Y,Y,1.0
Y,Y,1.0
Y,Y,1.0
Y,Y,1.0
Y,Y,1.0
Y,Y,1.0
Y,Y,1.0
Y,Y,1.0
Y,Y,1.0
Y,Y,1.0
Y,Y,1.0
Y,Y,1.0
Y,Y,1.0
Y,Y,1.0
Y,Y,1.0
Y,Y,1.0
Y,Y,1.0
Y,I,1.0
Y,Y,1.0
Y,Y,1.0
Y,P,1.0
Y,Y,1.0
Y,Y,1.0
Y,I,0.9999201
Y,Y,1.0
Y,Y,1.0
Y,Y,1.0
Y,Y,1.0
Y,T,1.0
Y,Y,1.0
Y,Y,1.0
Y,Y,1.0
Y,Y,1.0
Y,Y,1.0
Y,Y,1.0
Y,Y,1.0
Y,Y,1.0
Y,Y,1.0
Y,Y,1.0
Y,Y,1.0
Y,Y,1.0
Y,Y,1.0
Y,Y,1.0
Y,Y,1.0
Y,Y,1.0
Y,Y,1.0
Y,Y,1.0
Y,Y,1.0
Y,Y,1.0
Y,Y,1.0
Y,Y,1.0
Y,Y,1.0
Y,Y,1.0
Y,Y,1.0
Y,Y,1.0
Y,Y,1.0
Y,Y,1.0
Y,Y,1.0
Y,Y,1.0
Y,Y,1.0
Y,Y,1.0
Y,K,1.0
Y,Y,1.0
Y,Y,1.0
Y,Y,1.0
Y,Y,1.0
Y,Y,1.0
Y,Y,1.0
Y,Y,1.0
Y,Y,1.0
Y,Y,1.0
Y,Y,1.0
Y,Y,1.0
Y,Y,1.0
Y,Y,1.0
Y,L,1.0
Y,Y,1.0
Y,Y,1.0
Y,Y,1.0
Y,Y,1.0
Y,Y,1.0
Y,Y,1.0
Y,Y,1.0
Y,Y,1.0
Y,Y,1.0
Y,Y,1.0
Y,Y,1.0
Y,Y,1.0
Y,Y,1.0
Y,Y,1.0
Y,Y,1.0
Y,Y,1.0
Y,Y,1.0
Y,Y,1.0
Y,Y,1.0
Y,Y,1.0
Y,Y,1.0
Y,Y,1.0
Y,Y,1.0
Y,Y,1.0
Y,Y,1.0
Y,Y,1.0
Y,Y,1.0
Y,Y,1.0
Y,Y,1.0
Y,Y,1.0
Y,Y,1.0
Y,S,1.0
Y,Y,1.0
Y,Y,1.0
Y,Y,1.0
Y,Y,1.0
Y,Y,1.0
Y,Y,1.0
Y,Y,1.0
Y,Y,1.0
Y,K,1.0
Y,Y,1.0
Y,Y,1.0
Y,Y,1.0
Y,Y,1.0
Y,Y,1.0
Y,M,1.0
Y,Y,1.0
Y,Y,1.0
Y,Y,1.0
Y,Y,1.0
Y,Y,1.0
Y,Y,1.0
Y,Y,1.0
Y,Y,1.0
Y,Y,1.0
Y,Y,1.0
Y,Y,1.0
Y,Y,1.0
Y,Y,1.0
Y,Y,1.0
Y,Y,1.0
Y,Y,1.0
Y,Y,1.0
Y,Y,1.0
Y,Y,1.0
Y,Y,1.0
Y,Y,1.0
Y,A,1.0
Y,Y,1.0
Y,Y,1.0
Y,Y,1.0
Y,Y,1.0
Y,Y,1.0
Y,Y,1.0
Y,Y,1.0
Y,Y,1.0
Y,P,1.0
Y,Y,1.0
Y,Y,1.0
Y,Y,1.0
Y,Y,1.0
Y,Y,1.0
Y,A,1.0
Y,Y,1.0
Y,Y,1.0
Y,Y,1.0
Y,Y,1.0
Y,Y,1.0
Y,Y,1.0
Y,Y,1.0
Y,Y,1.0
Y,Y,1.0
Y,Y,1.0
Y,Y,1.0
Y,Y,1.0
Y,T,1.0
Y,Y,1.0
Y,Y,1.0
Y,Y,1.0
Y,S,1.0
Y,Y,1.0
Y,Y,1.0
Y,Y,1.0
Y,Y,1.0
Y,Y,1.0
Y,I,1.0
Y,Y,1.0
Y,Y,1.0
Y,Y,1.0
Y,Y,1.0
Y,K,1.0
Y,Y,1.0
Y,A,1.0
Y,Y,1.0
Y,Y,1.0
Y,Y,1.0
Y,Y,1.0
Y,Y,1.0
Y,Y,1.0
Y,Y,1.0
Y,Y,1.0
Y,S,1.0
Y,Y,1.0
Y,Y,1.0
Y,Y,1.0
Y,Y,1.0
Y,Y,1.0
Y,Y,1.0
Y,Y,1.0
Y,Y,1.0
Y,Y,1.0
Y,Y,1.0
Y,Y,1.0
Y,Y,1.0
Y,Y,1.0
Y,Y,1.0
Y,Y,1.0
Y,Y,1.0
Y,Y,1.0
Y,Y,1.0
Y,Y,1.0
Y,Y,1.0
Y,Y,1.0
Y,Y,1.0
Y,Y,1.0
Z,Z,1.0
Z,Z,1.0
Z,Z,1.0
Z,Z,1.0
Z,Z,1.0
Z,W,1.0
Z,Z,1.0
Z,Z,1.0
Z,Z,1.0
Z,W,1.0
Z,Z,1.0
Z,Z,1.0
Z,W,1.0
Z,Z,1.0
Z,Z,1.0
Z,Z,1.0
Z,Z,1.0
Z,Z,1.0
Z,Z,1.0
Z,W,1.0
Z,Z,1.0
Z,Z,1.0
Z,Z,1.0
Z,W,1.0
Z,W,1.0
Z,Z,1.0
Z,W,1.0
Z,Z,1.0
Z,Z,1.0
Z,Z,1.0
Z,Z,1.0
Z,Z,1.0
Z,Z,1.0
Z,Z,1.0
Z,Z,1.0
Z,Z,1.0
Z,Z,1.0
Z,Z,1.0
Z,Z,1.0
Z,Z,1.0
Z,Z,1.0
Z,Z,1.0
Z,W,1.0
Z,Z,1.0
Z,Z,1.0
Z,W,1.0
Z,Z,1.0
Z,Z,1.0
Z,F,1.0
Z,Z,1.0
Z,W,1.0
Z,W,1.0
Z,Z,1.0
Z,Z,1.0
Z,W,1.0
Z,Z,1.0
Z,Z,1.0
Z,W,1.0
Z,W,1.0
Z,W,1.0
Z,Z,1.0
Z,Z,1.0
Z,Z,1.0
Z,Z,1.0
Z,Z,1.0
Z,Z,1.0
Z,Z,1.0
Z,Z,1.0
Z,W,1.0
Z,Z,0.9998679
Z,Z,1.0
Z,Z,1.0
Z,Z,1.0
Z,Z,1.0
Z,W,0.999856
Z,Z,1.0
Z,Z,1.0
Z,Z,1.0
Z,W,1.0
Z,Z,1.0
Z,Z,1.0
Z,Z,1.0
Z,Z,0.97951937
Z,Z,1.0
Z,Z,1.0
Z,Z,1.0
Z,Z,1.0
Z,Z,1.0
Z,Z,1.0
Z,Z,1.0
Z,Z,1.0
Z,Z,1.0
Z,Z,1.0
Z,Z,1.0
Z,Z,1.0
Z,Z,1.0
Z,W,1.0
Z,Z,1.0
Z,Z,1.0
Z,Z,1.0
Z,Z,1.0
Z,Z,1.0
Z,W,1.0
Z,Z,1.0
Z,Z,1.0
Z,Z,1.0
Z,Z,1.0
Z,Z,1.0
Z,Z,1.0
Z,Z,1.0
Z,Z,1.0
Z,Z,1.0
Z,W,0.99999833
Z,W,1.0
Z,Z,1.0
Z,W,1.0
Z,Z,1.0
Z,Z,1.0
Z,Z,1.0
Z,Z,1.0
Z,Z,1.0
Z,Z,1.0
Z,W,1.0
Z,Z,1.0
Z,W,1.0
Z,Z,1.0
Z,Z,1.0
Z,Z,1.0
Z,W,1.0
Z,W,1.0
Z,Z,1.0
Z,Z,1.0
Z,W,1.0
Z,Z,1.0
Z,Z,1.0
Z,W,1.0
Z,Z,1.0
Z,Z,1.0
Z,Z,1.0
Z,Z,1.0
Z,Z,1.0
Z,W,1.0
Z,Z,1.0
Z,Z,1.0
Z,Z,1.0
Z,Z,1.0
Z,W,1.0
Z,W,1.0
Z,W,1.0
Z,Z,1.0
Z,Z,1.0
Z,Z,1.0
Z,Z,1.0
Z,W,1.0
Z,P,1.0
Z,W,1.0
Z,Z,1.0
Z,Z,1.0
Z,Z,1.0
Z,Z,1.0
Z,Z,1.0
Z,Z,1.0
Z,Z,1.0
Z,W,1.0
Z,Z,1.0
Z,Z,1.0
Z,Z,1.0
Z,W,1.0
Z,Z,1.0
Z,Z,1.0
Z,W,1.0
Z,Z,1.0
Z,W,1.0
Z,Z,1.0
Z,W,1.0
Z,Z,1.0
Z,Z,1.0
Z,Z,1.0
Z,Z,1.0
Z,Z,1.0
Z,W,1.0
Z,Z,1.0
Z,Z,1.0
Z,Z,1.0
Z,Z,1.0
Z,Z,1.0
Z,Z,1.0
Z,Z,1.0
Z,W,1.0
Z,K,0.99671435
Z,Z,1.0
Z,Z,1.0
Z,Z,1.0
Z,Z,1.0
Z,Z,1.0
Z,Z,1.0
Z,Z,1.0
Z,Z,0.99182034
Z,Z,1.0
Z,Z,1.0
Z,Z,1.0
Z,Z,1.0
Z,W,1.0
Z,Z,1.0
Z,W,1.0
Z,Z,1.0
Z,Z,1.0
Z,W,1.0
Z,Z,1.0
Z,Z,1.0
Z,Z,1.0
Z,Z,1.0
Z,W,1.0
Z,Z,1.0
Z,Z,1.0
Z,Z,1.0
Z,W,1.0
Z,Z,1.0
Z,W,1.0
Z,W,1.0
Z,Z,1.0
Z,Z,1.0
Z,W,1.0
Z,W,1.0
Z,Z,1.0
Z,Z,1.0
Z,W,1.0
Z,Z,1.0
Z,Z,1.0
Z,Z,1.0
Z,Z,1.0
Z,Z,1.0
Z,Z,1.0
Z,Z,1.0
Z,W,1.0
Z,W,1.0
Z,Z,1.0
Z,Z,1.0
Z,Z,1.0
Z,Z,1.0
Z,Z,1.0
Z,Z,1.0
Z,Z,1.0
Z,W,1.0
Z,W,0.9996724
Z,Z,1.0
Z,W,0.9225924
Z,Z,1.0
Z,Z,1.0
Z,W,1.0
Z,Z,1.0
Z,Z,1.0
Z,W,1.0
Z,Z,1.0
Z,W,1.0
Z,Z,1.0
Z,W,1.0
Z,Z,1.0
Z,Z,1.0
Z,Z,1.0
Z,Z,1.0
Z,W,1.0
Z,Z,1.0
Z,W,1.0
Z,T,1.0
Z,Z,1.0
Z,Z,1.0
Z,Z,1.0
Z,Z,1.0
Z,W,1.0
Z,W,1.0
Z,Z,1.0
Z,Z,1.0
Z,Z,1.0
Z,Z,1.0
Z,Z,1.0
Z,Z,1.0
Z,W,1.0
Z,W,1.0
Z,W,1.0
Z,Z,1.0
Z,Z,1.0
Z,Z,1.0
Z,Z,1.0
Z,Z,1.0
Z,Z,1.0
Z,Z,1.0
Z,Z,1.0
Z,Z,1.0
Z,Z,1.0
Z,Z,1.0
Z,Z,1.0
Z,W,1.0
Z,Z,1.0
Z,W,1.0
Z,Z,1.0
Z,Z,1.0
Z,Z,1.0
Z,W,0.9738374
Z,Z,1.0
Z,Z,1.0
Z,Z,1.0
Z,Z,1.0
Z,Z,1.0
Z,Z,1.0
Z,Z,1.0
Z,W,1.0
Z,W,1.0
Z,W,1.0
Z,Z,1.0
Z,W,0.99999654
Z,Z,1.0
Z,Z,1.0
Z,Z,1.0
Z,F,1.0
Z,Z,1.0
Z,W,1.0
Z,Z,1.0
Z,Z,1.0
Z,Z,1.0
Z,Z,1.0
Z,W,1.0
Z,Z,1.0
Z,Z,1.0
Z,Z,1.0
Z,Z,1.0
Z,Z,1.0
Z,Z,1.0
Z,Z,1.0
Z,Z,1.0
Z,Z,1.0
Z,W,1.0
Z,Z,1.0
Z,W,0.9997229
Z,W,1.0
Z,Z,1.0
Z,Z,1.0
Z,W,1.0
Z,Z,1.0
Z,Z,1.0
Z,Z,1.0
Z,Z,1.0
Z,W,1.0
Z,Z,1.0
Z,W,1.0
Z,Z,1.0
Z,Z,1.0
Z,Z,1.0
Z,Z,1.0
Z,Z,1.0
Z,Z,1.0
Z,Z,1.0
Z,Z,1.0
Z,Z,1.0
Z,Z,1.0
Z,W,1.0
Z,Z,1.0
Z,Z,1.0
Z,W,1.0
Z,W,1.0
Z,Z,0.9417915
Z,Z,1.0
Z,Z,1.0
Z,Z,1.0
Z,Z,1.0
Z,Z,1.0
Z,Z,1.0
Z,Z,1.0
Z,K,1.0
Z,T,0.9404222
Z,Z,1.0
Z,Z,1.0
Z,W,0.99814403
Z,W,1.0
Z,Z,1.0
Z,Z,1.0
Z,Z,1.0
Z,Z,1.0
Z,W,1.0
Z,Z,1.0
Z,W,1.0
Z,Z,1.0
Z,Z,1.0
Z,Z,1.0
Z,Z,1.0
Z,W,1.0
Z,W,1.0
Z,Z,1.0
Z,Z,1.0
Z,Z,1.0
Z,W,0.9999999
Z,Z,1.0
Z,W,1.0
Z,Z,1.0
Z,W,1.0
Z,Z,1.0
Z,Z,1.0
Z,Z,1.0
Z,Z,1.0
Z,Z,1.0
